review_priority,recommended_action,visibility,type,year,published,title,slug,url,body_words,youtube_count,legacy_live_words,content_era,categories,topics,tags,source_file,notes
high,keep_draft,draft,tutorial,2026,2026-06-13T16:45:00,Golden Path Test,goldenpath,https://mikemurphy.ai/tutorials/goldenpath/,3,0,0,ai,Tutorials,,,src/content/articles/2026/golden-path-test.md,
high,review_remove_or_redirect,hidden,article,2023,2023-01-23T06:59:52,I am a writer.,iamawriter,https://mikemurphy.ai/articles/iamawriter/,207,0,328,legacy,Blog | Writing,,,src/content/articles/2023/iamawriter.md,
high,review_remove_or_redirect,hidden,article,2023,2023-01-01T07:11:18,Happy 2023!,2023,https://mikemurphy.ai/articles/2023/,35,0,82,legacy,Blog,,,src/content/articles/2023/2023.md,
high,review_remove_or_redirect,hidden,article,2017,2017-11-02T08:38:26,Gift 02: Logitech c920 Webcam,gift02,https://mikemurphy.ai/articles/gift02/,342,1,408,legacy,Holiday,,webcam,src/content/articles/2017/gift02.md,
high,review_remove_or_redirect,hidden,article,2017,2017-11-01T08:15:40,Gift 01: Manfrotto Lumimuse 8 LED Light,gift01,https://mikemurphy.ai/articles/gift01/,191,0,280,legacy,Holiday,,,src/content/articles/2017/gift01.md,
high,review_remove_or_redirect,hidden,article,2017,2017-10-31T09:45:47,Intro: 2017 Holiday Gift & Gear Guide,giftguideintro,https://mikemurphy.ai/articles/giftguideintro/,156,1,211,legacy,Holiday,,holiday,src/content/articles/2017/giftguideintro.md,
high,review_remove_or_redirect,hidden,article,2017,2017-07-31T08:38:51,Gear Review: Samson Q2U Recording & Podcasting Pack,samsonq2u,https://mikemurphy.ai/articles/samsonq2u/,364,1,763,legacy,Gear Reviews,,,src/content/articles/2017/samsonq2u.md,
high,review_remove_or_redirect,hidden,article,2017,2017-07-28T08:45:32,Scrivener: How I Write & Organize Podcast Scripts,podcastscriptsinscrivener,https://mikemurphy.ai/articles/podcastscriptsinscrivener/,67,1,280,legacy,Scrivener,,Video | writing,src/content/articles/2017/podcastscriptsinscrivener.md,
high,review_remove_or_redirect,hidden,article,2016,2016-12-15T10:03:30,The 2016 PodShed Holiday Gift Guide,podshed2016,https://mikemurphy.ai/articles/podshed2016/,231,23,0,legacy,,,Blog | gifts | holidays | podshed,src/content/articles/2016/podshed2016.md,
high,review_remove_or_redirect,hidden,article,2016,2016-10-04T22:41:31,My Adobe Audition Podcast Workflow,auditionworkflow,https://mikemurphy.ai/articles/auditionworkflow/,575,0,703,legacy,,,Blog,src/content/articles/2016/auditionworkflow.md,
high,review_remove_or_redirect,hidden,article,2016,2016-04-27T05:18:58,Podcast Toolkit: Mike's Gear,podkitmike,https://mikemurphy.ai/articles/podkitmike/,58,0,364,legacy,,,Blog | podcast | toolkit,src/content/articles/2016/podkitmike.md,
high,review_remove_or_redirect,hidden,article,2016,2016-02-17T15:29:33,I'm Possible,im-possible,https://mikemurphy.ai/articles/im-possible/,36,1,85,legacy,,,Blog | inspiration | jeremycowart | move forward,src/content/articles/2016/im-possible.md,
high,review_remove_or_redirect,hidden,article,2016,2016-02-15T06:48:42,Learn How To Use Screenflow,learn-how-to-use-screenflow,https://mikemurphy.ai/articles/learn-how-to-use-screenflow/,251,0,395,legacy,,,Blog | screenflow,src/content/articles/2016/learn-how-to-use-screenflow.md,
high,review_remove_or_redirect,hidden,article,2016,2016-01-19T13:33:53,Podfest Tampa 2016!,podfestus,https://mikemurphy.ai/articles/podfestus/,277,0,350,legacy,Podcasting,,events | podcasting | podfest,src/content/articles/2016/podfestus.md,
high,review_remove_or_redirect,hidden,article,2016,2016-01-12T08:00:06,Not Perfect. It's Okay.,meetmike,https://mikemurphy.ai/articles/meetmike/,833,0,1118,legacy,,,Blog | video,src/content/articles/2016/meetmike.md,
high,review_remove_or_redirect,hidden,article,2015,2015-11-19T06:44:20,Now on Soundcloud!,onsoundcloud,https://mikemurphy.ai/articles/onsoundcloud/,196,0,241,legacy,,,Blog | podcast | soundcloud,src/content/articles/2015/onsoundcloud.md,
high,review_remove_or_redirect,hidden,article,2015,2015-11-18T21:56:37,Gear I Use: Cameras & Lenses,cameras,https://mikemurphy.ai/articles/cameras/,522,0,675,legacy,,,Blog | cameras | gear | lenses | photography,src/content/articles/2015/cameras.md,
high,review_remove_or_redirect,hidden,article,2015,2015-11-11T06:28:34,Gear: Microphones I Use,mymics,https://mikemurphy.ai/articles/mymics/,758,0,845,legacy,,,audio | Blog | gear | microphones,src/content/articles/2015/mymics.md,
high,review_remove_or_redirect,hidden,article,2015,2015-10-29T08:20:45,Daily Habit: Instagram,dailyhabit01,https://mikemurphy.ai/articles/dailyhabit01/,298,0,413,legacy,,,Blog | Instagram | social media,src/content/articles/2015/dailyhabit01.md,
high,review_remove_or_redirect,hidden,article,2015,2015-10-04T10:48:24,A Little Bit Of Everything,a-little-bit-of-everything,https://mikemurphy.ai/articles/a-little-bit-of-everything/,814,1,913,legacy,,,Blog | inspiration | move forward,src/content/articles/2015/a-little-bit-of-everything.md,
high,review_remove_or_redirect,hidden,article,2015,2015-09-25T11:04:48,Launch Day!,launch-day,https://mikemurphy.ai/articles/launch-day/,53,1,673,legacy,,,Blog,src/content/articles/2015/launch-day.md,
high,review_remove_or_redirect,hidden,article,2015,2015-09-15T11:39:48,Podcast,podcastlaunch,https://mikemurphy.ai/articles/podcastlaunch/,122,0,166,legacy,Podcasting,,podcast,src/content/articles/2015/podcastlaunch.md,
high,review_remove_or_redirect,hidden,article,2015,2015-08-25T12:05:31,Keep Moving Forward,keep-moving-forward,https://mikemurphy.ai/articles/keep-moving-forward/,364,0,645,legacy,,,Blog | Image | inspiration,src/content/articles/2015/keep-moving-forward.md,
high,review_remove_or_redirect,hidden,article,2015,2015-08-22T11:21:27,Update: Podcast Launch,update,https://mikemurphy.ai/articles/update/,98,0,373,legacy,,,Blog | podcast,src/content/articles/2015/update.md,
high,review_remove_or_redirect,hidden,article,2015,2015-05-11T10:11:10,The Unofficial Microphone Guide,microphones,https://mikemurphy.ai/articles/microphones/,261,0,532,legacy,,,audio | Blog | microphones,src/content/articles/2015/microphones.md,
high,review_remove_or_redirect,hidden,article,2015,2015-04-16T10:13:36,Motivational Guide For Jack Of All Trades (Pick Something!),motivational-guide-for-jack-of-all-trades-pick-something,https://mikemurphy.ai/articles/motivational-guide-for-jack-of-all-trades-pick-something/,950,0,294,legacy,,,Blog | Jack of All Trades,src/content/articles/2015/motivational-guide-for-jack-of-all-trades-pick-something.md,
medium,quiet_archive_review_traffic,search,tutorial,2024,2024-08-07T06:30:59,How To Create Bulleted & Numbered Lists in Photoshop,textlists,https://mikemurphy.ai/tutorials/textlists/,471,1,528,legacy,Photoshop | Tutorials,,,src/content/articles/2024/textlists.md,
medium,quiet_archive_review_traffic,search,tutorial,2024,2024-07-31T06:30:32,How To Batch Export in ScreenFlow 10,batchexportsf10,https://mikemurphy.ai/tutorials/batchexportsf10/,266,1,378,legacy,Screenflow | Tutorials,,,src/content/articles/2024/batchexportsf10.md,
medium,quiet_archive_review_traffic,search,tutorial,2024,2024-03-26T06:30:15,Adobe InDesign: How To Create QR Codes,indesignqrcodes,https://mikemurphy.ai/tutorials/indesignqrcodes/,494,1,565,legacy,InDesign | Tutorials,,,src/content/articles/2024/indesignqrcodes.md,
medium,quiet_archive_review_traffic,search,tutorial,2024,2024-03-21T06:30:44,How To Record Partial Screens in ScreenFlow 10,recordpartial,https://mikemurphy.ai/tutorials/recordpartial/,272,1,389,legacy,Screenflow | Tutorials,,,src/content/articles/2024/recordpartial.md,
medium,quiet_archive_review_traffic,search,tutorial,2024,2024-03-12T06:30:06,How To Add Multiple Crossfades in Audition,multiplecrossfades,https://mikemurphy.ai/tutorials/multiplecrossfades/,278,1,399,legacy,Audition | Tutorials,,,src/content/articles/2024/multiplecrossfades.md,
medium,quiet_archive_review_traffic,search,tutorial,2024,2024-02-27T06:30:32,How To Leave Apple Podcasts Ratings & Reviews on iOS Devices,ratingsandreviews,https://mikemurphy.ai/tutorials/ratingsandreviews/,506,1,605,legacy,Macs & iOS | Podcasting | Tutorials,,apple podcasts,src/content/articles/2024/ratingsandreviews.md,
medium,quiet_archive_review_traffic,search,tutorial,2024,2024-02-20T06:30:52,"How To Secure Your Google Workspace Domain Email with SPF, DKIM, and DMARC Records",emailauthentication,https://mikemurphy.ai/tutorials/emailauthentication/,1600,1,1747,legacy,Blog | Google | Tech & Productivity | Tutorials,,,src/content/articles/2024/emailauthentication.md,
medium,quiet_archive_review_traffic,search,tutorial,2023,2023-12-21T06:30:41,How To Export To Separate Files in Adobe Audition Multitrack,exportseparatefiles,https://mikemurphy.ai/tutorials/exportseparatefiles/,316,1,418,legacy,Audition | Tutorials,,,src/content/articles/2023/exportseparatefiles.md,
medium,quiet_archive_review_traffic,search,tutorial,2023,2023-12-19T06:30:24,How to Create Podcast Templates in Adobe Audition,podcasttemplates,https://mikemurphy.ai/tutorials/podcasttemplates/,258,1,361,legacy,Audition | Tutorials,,,src/content/articles/2023/podcasttemplates.md,
medium,quiet_archive_review_traffic,search,tutorial,2023,2023-12-07T06:30:53,How To Submit Podcast RSS Feed to YouTube,youtubepodcasts,https://mikemurphy.ai/tutorials/youtubepodcasts/,394,1,475,legacy,Tutorials | YouTube,,,src/content/articles/2023/youtubepodcasts.md,
medium,quiet_archive_review_traffic,search,tutorial,2023,2023-11-09T06:30:35,How To Reverse Layer Order in Photoshop,reverseorder,https://mikemurphy.ai/tutorials/reverseorder/,266,1,362,legacy,Photoshop | Tutorials,,,src/content/articles/2023/reverseorder.md,
medium,quiet_archive_review_traffic,search,tutorial,2023,2023-11-07T06:30:06,How To Create Frame By Frame Animations in Photoshop,frameanimationsps,https://mikemurphy.ai/tutorials/frameanimationsps/,650,1,680,legacy,Photoshop | Tutorials,,,src/content/articles/2023/frameanimationsps.md,
medium,quiet_archive_review_traffic,search,tutorial,2023,2023-11-02T06:30:23,How To Delete Frame Animation Timeline in Photoshop,deletetimeline,https://mikemurphy.ai/tutorials/deletetimeline/,159,1,275,legacy,Photoshop | Tutorials,,,src/content/articles/2023/deletetimeline.md,
medium,quiet_archive_review_traffic,search,tutorial,2023,2023-10-31T06:30:28,Photoshop: How To Animate Textures,animatetexturesphotoshop,https://mikemurphy.ai/tutorials/animatetexturesphotoshop/,434,1,483,legacy,Photoshop | Tutorials,,,src/content/articles/2023/animatetexturesphotoshop.md,
medium,quiet_archive_review_traffic,search,tutorial,2023,2023-10-26T06:30:51,Photoshop: Load Files Into Stack & Animate,loadstack,https://mikemurphy.ai/tutorials/loadstack/,349,1,435,legacy,Photoshop | Tutorials,,,src/content/articles/2023/loadstack.md,
medium,quiet_archive_review_traffic,search,tutorial,2023,2023-10-24T06:30:30,How To Fix Lightroom Classic Standard Folders Error on MacOS,lrcfix,https://mikemurphy.ai/tutorials/lrcfix/,488,1,577,legacy,Lightroom | Tutorials,,,src/content/articles/2023/lrcfix.md,
medium,quiet_archive_review_traffic,search,tutorial,2023,2023-10-19T06:30:41,How To Add Video Captions Using Adobe Express,adobeexpresscaptions,https://mikemurphy.ai/tutorials/adobeexpresscaptions/,282,1,392,legacy,Adobe Express | Tutorials,,,src/content/articles/2023/adobeexpresscaptions.md,
medium,quiet_archive_review_traffic,search,tutorial,2023,2023-10-10T06:30:11,Photoshop: How To Export Transparent Videos,exporttransparentvideosphotoshop,https://mikemurphy.ai/tutorials/exporttransparentvideosphotoshop/,262,1,358,legacy,Photoshop | Tutorials,,,src/content/articles/2023/exporttransparentvideosphotoshop.md,
medium,quiet_archive_review_traffic,search,tutorial,2023,2023-09-26T07:23:17,How To Animate Characters From Audio in Adobe Express,animatefromaudio,https://mikemurphy.ai/tutorials/animatefromaudio/,414,1,507,legacy,Character Animator | Creative Cloud | Tutorials,,Adobe Express,src/content/articles/2023/animatefromaudio.md,
medium,quiet_archive_review_traffic,search,tutorial,2023,2023-09-21T06:30:44,How To Compute Lip Sync in Character Animator,lipsync,https://mikemurphy.ai/tutorials/lipsync/,378,1,471,legacy,Audition | Character Animator | Tutorials,,,src/content/articles/2023/lipsync.md,
medium,quiet_archive_review_traffic,search,tutorial,2023,2023-09-19T05:31:34,How To Update To Photoshop 2024 (Generative AI Fill),ps2024,https://mikemurphy.ai/tutorials/ps2024/,340,1,448,legacy,Creative Cloud | Photoshop | Tutorials,,,src/content/articles/2023/ps2024.md,
medium,quiet_archive_review_traffic,search,tutorial,2023,2023-09-14T05:07:49,How To Silence Audio in Adobe Audition,silenceaudio,https://mikemurphy.ai/tutorials/silenceaudio/,236,1,338,legacy,Audition | Tutorials,,,src/content/articles/2023/silenceaudio.md,
medium,quiet_archive_review_traffic,search,tutorial,2023,2023-07-18T05:36:56,How To Import Video Frames To Layers in Photoshop,importvideo,https://mikemurphy.ai/tutorials/importvideo/,211,1,313,legacy,Photoshop | Tutorials,,,src/content/articles/2023/importvideo.md,
medium,quiet_archive_review_traffic,search,tutorial,2023,2023-06-22T06:30:12,Procreate: Perfect Shapes & Magnetic Rotate,procreate-perfect-shapes-magnetic-rotate,https://mikemurphy.ai/tutorials/procreate-perfect-shapes-magnetic-rotate/,331,1,414,legacy,Procreate | Tutorials,,,src/content/articles/2023/procreate-perfect-shapes-magnetic-rotate.md,
medium,quiet_archive_review_traffic,search,tutorial,2023,2023-06-13T07:54:40,Video Motion Logo Animations in Screenflow 10,videomotion,https://mikemurphy.ai/tutorials/videomotion/,324,1,395,legacy,Screenflow | Tutorials,,,src/content/articles/2023/videomotion.md,
medium,quiet_archive_review_traffic,search,tutorial,2023,2023-06-01T06:30:38,Google Takeout: Back Up YouTube Channel,googletakeout,https://mikemurphy.ai/tutorials/googletakeout/,249,1,350,legacy,Google | Tutorials,,YOUTUBE,src/content/articles/2023/googletakeout.md,
medium,quiet_archive_review_traffic,search,tutorial,2023,2023-05-25T06:30:07,Generative Fill Ai Magic in Photoshop Beta CC 2023,generativefill,https://mikemurphy.ai/tutorials/generativefill/,537,1,624,legacy,Photoshop | Tutorials,,,src/content/articles/2023/generativefill.md,
medium,quiet_archive_review_traffic,search,tutorial,2023,2023-04-18T06:32:02,Adobe Audition: Copy & Paste Effects,copyeffects,https://mikemurphy.ai/tutorials/copyeffects/,221,1,326,legacy,Audition | Tutorials,,,src/content/articles/2023/copyeffects.md,
medium,quiet_archive_review_traffic,search,tutorial,2023,2023-04-13T06:33:39,Adobe Audition: Clip & Session Multitrack Markers,clipmarkers,https://mikemurphy.ai/tutorials/clipmarkers/,285,1,391,legacy,Audition | Tutorials,,,src/content/articles/2023/clipmarkers.md,
medium,quiet_archive_review_traffic,search,tutorial,2023,2023-04-11T05:43:39,Adobe Audition: Playback Speed Shortcuts (JKL),playbackspeed,https://mikemurphy.ai/tutorials/playbackspeed/,361,1,460,legacy,Audition | Tutorials,,,src/content/articles/2023/playbackspeed.md,
medium,quiet_archive_review_traffic,search,tutorial,2023,2023-03-28T12:30:22,Audio Hardware Preferences in Adobe Audition,audiohardware,https://mikemurphy.ai/tutorials/audiohardware/,292,1,389,legacy,Audition | Tutorials,,,src/content/articles/2023/audiohardware.md,
medium,quiet_archive_review_traffic,search,tutorial,2023,2023-03-23T06:46:22,Photoshop: Colorize B&W Photos or Videos (Neural Filters),colorize,https://mikemurphy.ai/tutorials/colorize/,250,1,339,legacy,Photoshop | Tutorials,,,src/content/articles/2023/colorize.md,
medium,quiet_archive_review_traffic,search,tutorial,2023,2023-03-21T07:12:34,Photoshop: Convert Images or Videos to Paintings (Dry Brush Filter),drybrush,https://mikemurphy.ai/tutorials/drybrush/,238,1,328,legacy,Photoshop | Tutorials,,,src/content/articles/2023/drybrush.md,
medium,quiet_archive_review_traffic,search,tutorial,2023,2023-03-16T03:23:30,Adobe Audition: Extract Mono Files From Stereo,extractmono,https://mikemurphy.ai/tutorials/extractmono/,266,1,367,legacy,Audition | Tutorials,,,src/content/articles/2023/extractmono.md,
medium,quiet_archive_review_traffic,search,tutorial,2023,2023-03-02T05:49:46,Audition: How To Add Shortcuts in Media Browser,addshortcuts,https://mikemurphy.ai/tutorials/addshortcuts/,380,1,476,legacy,Audition | Tutorials,,,src/content/articles/2023/addshortcuts.md,
medium,quiet_archive_review_traffic,search,tutorial,2023,2023-02-28T05:46:46,Audition: How To Add Bus Tracks,bustracks,https://mikemurphy.ai/tutorials/bustracks/,300,1,401,legacy,Audition | Tutorials,,,src/content/articles/2023/bustracks.md,
medium,quiet_archive_review_traffic,search,tutorial,2023,2023-02-21T06:23:13,Audition: Auto-Play Media Browser Files,autoplay,https://mikemurphy.ai/tutorials/autoplay/,270,1,372,legacy,Audition | Tutorials,,,src/content/articles/2023/autoplay.md,
medium,quiet_archive_review_traffic,search,tutorial,2023,2023-01-31T06:35:54,"Screenflow 10: Playback Keyboard Shortcuts (J,K,L)",playback,https://mikemurphy.ai/tutorials/playback/,260,1,366,legacy,Screenflow | Tutorials,,,src/content/articles/2023/playback.md,
medium,quiet_archive_review_traffic,search,tutorial,2023,2023-01-17T05:56:53,Screenflow 10:  How To Insert Speech Clips,speechclips,https://mikemurphy.ai/tutorials/speechclips/,234,1,323,legacy,Screenflow | Tutorials,,,src/content/articles/2023/speechclips.md,
medium,quiet_archive_review_traffic,search,tutorial,2023,2023-01-10T06:40:04,Screenflow 10:  How To Use Mask To Alpha To Add Overlays,masktoalpha,https://mikemurphy.ai/tutorials/masktoalpha/,438,1,513,legacy,Screenflow | Tutorials,,,src/content/articles/2023/masktoalpha.md,
medium,quiet_archive_review_traffic,search,tutorial,2023,2023-01-03T06:24:36,Screenflow 10 To Adobe Audition Audio Workflow,audioworkflow,https://mikemurphy.ai/tutorials/audioworkflow/,468,1,518,legacy,Audition | Screenflow | Tutorials,,,src/content/articles/2023/audioworkflow.md,
medium,quiet_archive_review_traffic,search,tutorial,2022,2022-12-28T06:25:33,Ledger Nano X: Step-By-Step Guide,ledgernano,https://mikemurphy.ai/tutorials/ledgernano/,2400,0,2606,legacy,Blog | Crypto | Gear | Tutorials,,crypto,src/content/articles/2022/ledgernano.md,
medium,quiet_archive_review_traffic,search,tutorial,2022,2022-12-22T06:10:38,Screenflow 10: How To Export Video Only,videoonly,https://mikemurphy.ai/tutorials/videoonly/,178,1,281,legacy,Screenflow | Tutorials,,,src/content/articles/2022/videoonly.md,
medium,quiet_archive_review_traffic,search,tutorial,2022,2022-12-20T06:33:07,Screenflow 10: How To Export Audio Only,audioonly,https://mikemurphy.ai/tutorials/audioonly/,337,1,430,legacy,Screenflow | Tutorials,,,src/content/articles/2022/audioonly.md,
medium,quiet_archive_review_traffic,search,tutorial,2022,2022-12-01T06:26:17,Adobe Media Encoder: How To Export Animated GIFs,exportgifs,https://mikemurphy.ai/tutorials/exportgifs/,355,1,453,legacy,Media Encoder | Tutorials,,,src/content/articles/2022/exportgifs.md,
medium,quiet_archive_review_traffic,search,tutorial,2022,2022-11-29T06:30:29,Adobe Media Encoder: How To Use Watch Folders,watchfolders,https://mikemurphy.ai/tutorials/watchfolders/,273,1,380,legacy,Media Encoder | Tutorials,,,src/content/articles/2022/watchfolders.md,
medium,quiet_archive_review_traffic,search,tutorial,2022,2022-11-24T07:43:37,Adobe Media Encoder (AME): How To Create Preset Groups,presetgroups,https://mikemurphy.ai/tutorials/presetgroups/,260,1,362,legacy,Media Encoder | Tutorials,,,src/content/articles/2022/presetgroups.md,
medium,quiet_archive_review_traffic,search,tutorial,2022,2022-11-22T07:17:32,Adobe Media Encoder (AME): How To Create Encoding Presets,encodingpresets,https://mikemurphy.ai/tutorials/encodingpresets/,301,1,406,legacy,Media Encoder | Tutorials,,,src/content/articles/2022/encodingpresets.md,
medium,quiet_archive_review_traffic,search,tutorial,2022,2022-11-10T06:57:21,Screenflow 10: Custom Keyboard Shortcuts,keyboardshortcuts,https://mikemurphy.ai/tutorials/keyboardshortcuts/,323,1,401,legacy,Screenflow | Tutorials,,,src/content/articles/2022/keyboardshortcuts.md,
medium,quiet_archive_review_traffic,search,tutorial,2022,2022-11-08T06:13:39,Screenflow 10: How To Change Clip Speed,clipspeed,https://mikemurphy.ai/tutorials/clipspeed/,249,1,352,legacy,Screenflow | Tutorials,,,src/content/articles/2022/clipspeed.md,
medium,quiet_archive_review_traffic,search,tutorial,2022,2022-10-13T06:45:29,Screenflow 10: YouTube Chapter Marker (My Workflow),chaptermarkers,https://mikemurphy.ai/tutorials/chaptermarkers/,381,1,457,legacy,Screenflow | Tutorials,,,src/content/articles/2022/chaptermarkers.md,
medium,quiet_archive_review_traffic,search,tutorial,2022,2022-10-11T07:00:11,Adobe Audition: Open & Import Audio Files (5 Different Ways),openimport,https://mikemurphy.ai/tutorials/openimport/,420,1,509,legacy,Audition | Tutorials,,,src/content/articles/2022/openimport.md,
medium,quiet_archive_review_traffic,search,tutorial,2022,2022-09-27T05:10:59,Adobe Audition: Clear Time Selection,cleartimeselection,https://mikemurphy.ai/tutorials/cleartimeselection/,229,1,327,legacy,Audition | Tutorials,,,src/content/articles/2022/cleartimeselection.md,
medium,quiet_archive_review_traffic,search,tutorial,2022,2022-09-20T07:07:27,Adobe Audition: New Audio File Recording,newaudiofile,https://mikemurphy.ai/tutorials/newaudiofile/,331,1,406,legacy,Audition | Tutorials,,,src/content/articles/2022/newaudiofile.md,
medium,quiet_archive_review_traffic,search,tutorial,2022,2022-09-15T07:27:23,Adobe Audition: How To Insert Silence,insertsilence,https://mikemurphy.ai/tutorials/insertsilence/,486,1,552,legacy,Audition | Tutorials,,,src/content/articles/2022/insertsilence.md,
medium,quiet_archive_review_traffic,search,tutorial,2022,2022-09-14T07:01:03,Apple Podcasts: How To Edit Nickname for Ratings & Reviews,nickname,https://mikemurphy.ai/tutorials/nickname/,492,1,573,legacy,Macs & iOS | Tutorials,,apple podcasts,src/content/articles/2022/nickname.md,
medium,quiet_archive_review_traffic,search,tutorial,2022,2022-09-13T06:40:01,Adobe Audition: Track Visibility (Show & Hide Tracks),trackvisibility,https://mikemurphy.ai/tutorials/trackvisibility/,398,1,475,legacy,Audition | Tutorials,,,src/content/articles/2022/trackvisibility.md,
medium,quiet_archive_review_traffic,search,tutorial,2022,2022-08-29T06:42:13,Premiere Pro: How To Mute Audio Clips,muteaudio,https://mikemurphy.ai/tutorials/muteaudio/,333,1,407,legacy,Adobe Premiere | Tutorials,,audio,src/content/articles/2022/muteaudio.md,
medium,quiet_archive_review_traffic,search,tutorial,2022,2022-07-22T07:06:19,Adobe Audition CC: How To Generate Brown Noise,brownnoise,https://mikemurphy.ai/tutorials/brownnoise/,598,1,637,legacy,Audition | Tutorials,,,src/content/articles/2022/brownnoise.md,
medium,quiet_archive_review_traffic,search,tutorial,2022,2022-07-19T06:25:37,Screenflow 10: How To Change Frame Rate (fps),framerate,https://mikemurphy.ai/tutorials/framerate/,220,1,323,legacy,Screenflow | Tutorials,,,src/content/articles/2022/framerate.md,
medium,quiet_archive_review_traffic,search,tutorial,2022,2022-07-13T07:26:32,Premiere Pro: How To Set & Clear In & Out Points,inandoutpoints,https://mikemurphy.ai/tutorials/inandoutpoints/,267,1,374,legacy,Adobe Premiere | Tutorials,,,src/content/articles/2022/inandoutpoints.md,
medium,quiet_archive_review_traffic,search,tutorial,2022,2022-07-07T06:45:22,Adobe Audition: How To Use Multitrack Mixer,mixer,https://mikemurphy.ai/tutorials/mixer/,220,1,324,legacy,Audition | Tutorials,,,src/content/articles/2022/mixer.md,
medium,quiet_archive_review_traffic,search,tutorial,2022,2022-07-05T06:31:55,Screenflow 10: How To Batch Export Multiple Projects,batchexport,https://mikemurphy.ai/tutorials/batchexport/,152,1,262,legacy,Screenflow | Tutorials,,,src/content/articles/2022/batchexport.md,
medium,quiet_archive_review_traffic,search,tutorial,2022,2022-06-30T06:49:34,Screenflow 10: How To Nest Clips,nestedclips,https://mikemurphy.ai/tutorials/nestedclips/,199,1,312,legacy,Screenflow | Tutorials,,,src/content/articles/2022/nestedclips.md,
medium,quiet_archive_review_traffic,search,tutorial,2022,2022-06-29T07:32:33,Notion: How To Change Dark or Light Mode (Desktop),notionappearance,https://mikemurphy.ai/tutorials/notionappearance/,174,1,294,legacy,Notion | Tutorials,,,src/content/articles/2022/notionappearance.md,
medium,quiet_archive_review_traffic,search,tutorial,2022,2022-06-14T07:42:58,Screenflow 10: How To Use Video Actions (To Resize Windows),videoactions,https://mikemurphy.ai/tutorials/videoactions/,329,1,427,legacy,Screenflow | Tutorials,,video actions,src/content/articles/2022/videoactions.md,
medium,quiet_archive_review_traffic,search,tutorial,2022,2022-06-07T07:32:59,How To Recover Files in Google Drive Trash (Mac Users),trash,https://mikemurphy.ai/tutorials/trash/,250,1,589,legacy,Google | Macs & iOS | Tutorials,,google drive,src/content/articles/2022/trash.md,
medium,quiet_archive_review_traffic,search,tutorial,2022,2022-06-02T07:05:56,Ecamm Live: How To Arrange All Windows,arrangeallwindows,https://mikemurphy.ai/tutorials/arrangeallwindows/,158,1,276,legacy,eCamm Live | Tutorials,,livestream,src/content/articles/2022/arrangeallwindows.md,
medium,quiet_archive_review_traffic,search,tutorial,2022,2022-05-31T07:06:42,Ecamm Live: How To Enable Live Demo Mode,livedemomode,https://mikemurphy.ai/tutorials/livedemomode/,203,1,316,legacy,eCamm Live | Tutorials,,livestream,src/content/articles/2022/livedemomode.md,
medium,quiet_archive_review_traffic,search,tutorial,2022,2022-05-27T07:46:13,How To Replace Apple Watch Bands,applewatchbands,https://mikemurphy.ai/tutorials/applewatchbands/,166,1,280,legacy,Gear | Macs & iOS | Tutorials,,apple watch,src/content/articles/2022/applewatchbands.md,
medium,quiet_archive_review_traffic,search,tutorial,2022,2022-05-26T07:37:09,YouTube Live: How To Add A Trailer Video for Scheduled Livestreams,trailer,https://mikemurphy.ai/tutorials/trailer/,409,1,475,legacy,Tutorials | YouTube,,livestream | YOUTUBE,src/content/articles/2022/trailer.md,
medium,quiet_archive_review_traffic,search,tutorial,2022,2022-05-24T07:36:11,Adobe Photoshop: How To Relink CC Library Assets,relink,https://mikemurphy.ai/tutorials/relink/,139,1,258,legacy,Photoshop | Tutorials,,,src/content/articles/2022/relink.md,
medium,quiet_archive_review_traffic,search,tutorial,2022,2022-05-05T07:00:09,Screenflow 10: How To Select Clips In Timeline,selectclips,https://mikemurphy.ai/tutorials/selectclips/,256,1,369,legacy,Screenflow | Tutorials,,screenflow | timeline,src/content/articles/2022/selectclips.md,
medium,quiet_archive_review_traffic,search,tutorial,2022,2022-05-03T08:34:11,Screenflow 10: How To Use Global Library,globallibrary,https://mikemurphy.ai/tutorials/globallibrary/,245,1,347,legacy,Screenflow | Tutorials,,global library | screenflow,src/content/articles/2022/globallibrary.md,
medium,quiet_archive_review_traffic,search,tutorial,2022,2022-04-22T22:09:53,How To Move A Podcast from Simplecast to Buzzsprout Without Losing Subscribers,movepodcast,https://mikemurphy.ai/tutorials/movepodcast/,3717,0,3812,legacy,Blog | Podcasting | Tutorials,,buzzsprout | podcasting,src/content/articles/2022/movepodcast.md,
medium,quiet_archive_review_traffic,search,tutorial,2022,2022-04-21T06:00:45,Screenflow 10: How To Filter by Content Type and Duration,filtercontent,https://mikemurphy.ai/tutorials/filtercontent/,195,1,309,legacy,Screenflow | Tutorials,,,src/content/articles/2022/filtercontent.md,
medium,quiet_archive_review_traffic,search,tutorial,2022,2022-04-19T06:00:43,Screenflow 10: How To View Metadata (Clip Information),metadata,https://mikemurphy.ai/tutorials/metadata/,149,1,268,legacy,Screenflow | Tutorials,,,src/content/articles/2022/metadata.md,
medium,quiet_archive_review_traffic,search,tutorial,2022,2022-04-08T04:16:43,Adobe Audition + RodeCaster Pro Multitrack Template,audtionrodecastertemplate,https://mikemurphy.ai/tutorials/audtionrodecastertemplate/,1009,0,962,legacy,Audition | Blog | Tutorials,,adobe | podcasting | Rode | Rodecaster Pro | tutorial,src/content/articles/2022/audtionrodecastertemplate.md,
medium,quiet_archive_review_traffic,search,tutorial,2022,2022-04-07T06:00:13,Adobe Audition: How to Create A RodeCaster Pro Multitrack Template,rodecastertemplate,https://mikemurphy.ai/tutorials/rodecastertemplate/,234,1,352,legacy,Audition | Tutorials,,rodecasterpro,src/content/articles/2022/rodecastertemplate.md,
medium,quiet_archive_review_traffic,search,tutorial,2022,2022-04-05T06:00:37,Photoshop: How To Create Looping Texture Frame Animations,loopingtexturesps,https://mikemurphy.ai/tutorials/loopingtexturesps/,409,1,499,legacy,Photoshop | Tutorials,,textures,src/content/articles/2022/loopingtexturesps.md,
medium,quiet_archive_review_traffic,search,tutorial,2022,2022-03-17T06:00:54,Things 3: How To Fix App Store Not Updating,things3fix,https://mikemurphy.ai/tutorials/things3fix/,217,1,331,legacy,Things 3 | Tutorials,,,src/content/articles/2022/things3fix.md,
medium,quiet_archive_review_traffic,search,tutorial,2022,2022-03-15T06:00:49,Photoshop CC 2022: How To Turn Overscroll Off & On,overscroll,https://mikemurphy.ai/tutorials/overscroll/,237,1,345,legacy,Photoshop | Tutorials,,,src/content/articles/2022/overscroll.md,
medium,quiet_archive_review_traffic,search,tutorial,2021,2021-03-07T04:49:26,Screenflow 9: How To Add Emojis & Symbols,screenflowemojis,https://mikemurphy.ai/tutorials/screenflowemojis/,431,0,477,legacy,Blog | Screenflow | Tutorials,,Emoji | how-to | screenflow | Tips And Tricks | tutorial,src/content/articles/2021/screenflowemojis.md,
medium,quiet_archive_review_traffic,search,tutorial,2021,2021-01-24T02:42:05,How To Create a Content Creation Artboard Template in Photoshop CC 2021,artboardtemplate,https://mikemurphy.ai/tutorials/artboardtemplate/,926,0,953,legacy,Blog | Photoshop | Tutorials,,Content Creation | how-to | photoshop | productivity | tutorial,src/content/articles/2021/artboardtemplate.md,
medium,quiet_archive_review_traffic,search,tutorial,2020,2020-12-17T02:33:43,Gmail: How To Create Filters for Email Subscriptions,gmailfilters,https://mikemurphy.ai/tutorials/gmailfilters/,603,0,646,legacy,Blog | Google | Tutorials,,Gmail | how-to | productivity | tips | tutorial,src/content/articles/2020/gmailfilters.md,
medium,quiet_archive_review_traffic,search,tutorial,2020,2020-11-24T02:31:22,How To Use Apple Podcasts Web Embed Players,webembedplayers,https://mikemurphy.ai/tutorials/webembedplayers/,564,0,576,legacy,Blog | Macs & iOS | Podcasting | Tutorials,,apple | how-to | podcast | Tips And Tricks | tutorial,src/content/articles/2020/webembedplayers.md,
medium,quiet_archive_review_traffic,search,tutorial,2020,2020-11-13T02:27:36,Spotify: How To Create Promo Cards for Podcasters (and Artists),spotifypromocards,https://mikemurphy.ai/tutorials/spotifypromocards/,521,0,544,legacy,Blog | Podcasting | Tutorials,,how-to | podcasting | Spotify | tips | tutorial,src/content/articles/2020/spotifypromocards.md,
medium,quiet_archive_review_traffic,search,tutorial,2020,2020-11-10T02:23:08,How To Export Google Chrome Bookmarks and Import to Notion,exportbookmarks,https://mikemurphy.ai/tutorials/exportbookmarks/,480,0,510,legacy,Blog | Google | Notion | Tutorials,,Chrome | how-to | Notion | productivity | tutorial,src/content/articles/2020/exportbookmarks.md,
medium,quiet_archive_review_traffic,search,tutorial,2020,2020-10-13T02:05:21,Screenflow 9: How To Use Ripple Delete,rippledelete,https://mikemurphy.ai/tutorials/rippledelete/,516,0,570,legacy,Blog | Screenflow | Tutorials,,how-to | screenflow | tips | tutorial | video editing,src/content/articles/2020/rippledelete.md,
medium,quiet_archive_review_traffic,search,tutorial,2020,2020-09-15T02:02:10,iOS: How To Turn on Exposure Notifications 📱⚙️,exposurenotifications,https://mikemurphy.ai/tutorials/exposurenotifications/,636,0,676,legacy,Blog | Macs & iOS | Tutorials,,Covid-19 | how-to | iOS | Tips And Tricks | tutorial,src/content/articles/2020/exposurenotifications.md,
medium,quiet_archive_review_traffic,search,tutorial,2020,2020-09-08T02:30:51,Google Calendar: How To Add Time Zone Lists in the Sidebar,gcaltimezones,https://mikemurphy.ai/tutorials/gcaltimezones/,542,0,590,legacy,Blog | Google | Tutorials,,Google | how-to | tips | tutorial | WFH,src/content/articles/2020/gcaltimezones.md,
medium,quiet_archive_review_traffic,search,tutorial,2020,2020-08-18T02:10:12,How To Submit Podcasts to Amazon Music & Kindle,podcastsonamazon,https://mikemurphy.ai/tutorials/podcastsonamazon/,735,0,770,legacy,Amazon | Blog | Podcasting | Tutorials,,amazon | how-to | podcast | tips | tutorial,src/content/articles/2020/podcastsonamazon.md,
medium,quiet_archive_review_traffic,search,tutorial,2020,2020-07-17T02:33:53,YouTube: How To Add Chapter Markers,youtubechaptermarkers,https://mikemurphy.ai/tutorials/youtubechaptermarkers/,494,0,519,legacy,Blog | Tutorials | YouTube,,Content Creation | how-to | tips | tutorial | YOUTUBE,src/content/articles/2020/youtubechaptermarkers.md,
medium,quiet_archive_review_traffic,search,tutorial,2020,2020-06-16T02:02:50,How To Change Playback Speed on YouTube 🐢🐇,youtubeplaybackspeed,https://mikemurphy.ai/tutorials/youtubeplaybackspeed/,347,0,390,legacy,Blog | Tutorials | YouTube,,Content Creation | how-to | Tips And Tricks | tutorial | YOUTUBE,src/content/articles/2020/youtubeplaybackspeed.md,
medium,quiet_archive_review_traffic,search,tutorial,2020,2020-06-05T02:43:05,Google Chrome: Safe Browser Check 🔐,safebrowsercheck,https://mikemurphy.ai/tutorials/safebrowsercheck/,356,0,387,legacy,Blog | Google | Tutorials,,Cybersecurity | Google | how-to | tips | tutorial,src/content/articles/2020/safebrowsercheck.md,
medium,quiet_archive_review_traffic,search,tutorial,2020,2020-05-28T03:08:47,Podcasting Tip: How To Test A 301 Redirect (Is It Working?),301redirecttest,https://mikemurphy.ai/tutorials/301redirecttest/,751,1,862,legacy,Blog | Podcasting | Tutorials,,how-to | podcast | podcasting | tips | tutorial,src/content/articles/2020/301redirecttest.md,
medium,quiet_archive_review_traffic,search,tutorial,2020,2020-05-08T02:51:20,Google Podcasts Manager: How To Add A New or Existing Show,googlepodcastsmanager,https://mikemurphy.ai/tutorials/googlepodcastsmanager/,364,0,398,legacy,Blog | Google | Podcasting | Tutorials,,Google | how-to | podcast | tips | tutorial,src/content/articles/2020/googlepodcastsmanager.md,
medium,quiet_archive_review_traffic,search,tutorial,2020,2020-05-03T12:20:13,How To Change Your Facebook Password,facebookpassword,https://mikemurphy.ai/tutorials/facebookpassword/,551,0,566,legacy,Blog | Facebook | Tutorials,,facebook | how-to | Passwords | tips | tutorial,src/content/articles/2020/facebookpassword.md,
medium,quiet_archive_review_traffic,search,tutorial,2020,2020-04-16T02:41:43,Zoom: How To Add Virtual Backgrounds,zoombackgrounds,https://mikemurphy.ai/tutorials/zoombackgrounds/,521,0,546,legacy,Blog | Tutorials | Zoom,,Covid-19 | how-to | tips | tutorial | Zoom,src/content/articles/2020/zoombackgrounds.md,
medium,quiet_archive_review_traffic,search,tutorial,2020,2020-03-31T02:38:27,How To Subscribe & Unsubscribe Using Google Podcasts iOS App,googlepodcastssubscribe,https://mikemurphy.ai/tutorials/googlepodcastssubscribe/,401,0,435,legacy,Blog | Google | Podcasting | Tutorials,,Google | iOS | podcast | tips | tutorial,src/content/articles/2020/googlepodcastssubscribe.md,
medium,quiet_archive_review_traffic,search,tutorial,2020,2020-03-04T02:52:22,Apple Notes: How To Use Checklists,applenoteschecklists,https://mikemurphy.ai/tutorials/applenoteschecklists/,346,1,429,legacy,Blog | Macs & iOS | Tutorials,,apple | how-to | Mac | productivity | tips,src/content/articles/2020/applenoteschecklists.md,
medium,quiet_archive_review_traffic,search,tutorial,2020,2020-03-02T03:07:25,YouTube: How To Enable Dark Mode (…Dark Theme),youtubedarkmode,https://mikemurphy.ai/tutorials/youtubedarkmode/,238,0,272,legacy,Blog | Tutorials | YouTube,,Content Creation | how-to | tips | tutorial | YOUTUBE,src/content/articles/2020/youtubedarkmode.md,
medium,quiet_archive_review_traffic,search,tutorial,2020,2020-01-29T02:34:49,Instagram Stories: Boomerang Effects,boomerang,https://mikemurphy.ai/tutorials/boomerang/,373,0,399,legacy,Instagram | Tutorials,,how-to | Instagram | Instagram Story | tips | tutorial,src/content/articles/2020/boomerang.md,
medium,quiet_archive_review_traffic,search,tutorial,2020,2020-01-12T03:33:41,Adobe Audition: How To Convert Sample Type (Stereo to Mono),convertsampletype,https://mikemurphy.ai/tutorials/convertsampletype/,418,0,473,legacy,Audition | Blog | Tutorials,,adobe | how-to | podcast | tips | tutorial,src/content/articles/2020/convertsampletype.md,
medium,quiet_archive_review_traffic,search,tutorial,2020,2020-01-01T07:56:37,Podcasting 101: Publishing New Episodes To Podcast Directories,publishnewepisodes,https://mikemurphy.ai/tutorials/publishnewepisodes/,1497,0,1530,legacy,Blog | Podcasting | Tutorials,,how-to | podcast | podcasting | tips | tutorial,src/content/articles/2020/publishnewepisodes.md,
medium,quiet_archive_review_traffic,search,tutorial,2018,2018-02-20T15:37:16,Instagram Stories: How to Use Type Tool,igtypetool,https://mikemurphy.ai/tutorials/igtypetool/,457,1,513,legacy,Instagram | Social Media | Tutorials,,,src/content/articles/2018/igtypetool.md,
medium,quiet_archive_review_traffic,search,tutorial,2017,2017-07-27T12:29:48,iOS: How To Recover Deleted Apps,how-to-recover-deleted-apps-on-iphone,https://mikemurphy.ai/tutorials/how-to-recover-deleted-apps-on-iphone/,79,1,252,legacy,Macs & iOS | Tutorials,,Tutorials,src/content/articles/2017/how-to-recover-deleted-apps-on-iphone.md,
medium,quiet_archive_review_traffic,search,tutorial,2016,2016-03-03T15:22:23,Tutorial: How To Create Podcast Templates in Adobe Audition,auditiontemplates,https://mikemurphy.ai/tutorials/auditiontemplates/,94,1,175,legacy,Tutorials,,audtion | Blog | podcasting | tutorial,src/content/articles/2016/auditiontemplates.md,
medium,quiet_archive_review_traffic,search,tutorial,2016,2016-02-29T15:48:20,Tutorial: How To Start A New Recording in Adobe Audition,adobeauditionnewfile,https://mikemurphy.ai/tutorials/adobeauditionnewfile/,65,1,194,legacy,Tutorials,,Blog,src/content/articles/2016/adobeauditionnewfile.md,
medium,quiet_archive_review_traffic,search,tutorial,2015,2015-11-02T08:17:38,Tutorial: How To Submit Podcast To Google Play,googleplay,https://mikemurphy.ai/tutorials/googleplay/,354,0,450,legacy,Tutorials,,Blog | Google,src/content/articles/2015/googleplay.md,
medium,quiet_archive_review_traffic,search,tutorial,2015,2015-10-21T06:37:39,LAUNCH A PODCAST: STEP 3,step3,https://mikemurphy.ai/tutorials/step3/,119,0,210,legacy,Tutorials,,Blog,src/content/articles/2015/step3.md,
medium,quiet_archive_review_traffic,search,tutorial,2015,2015-10-14T15:38:25,How To Launch A Podcast: Step 2,step2,https://mikemurphy.ai/tutorials/step2/,489,0,541,legacy,Tutorials,,Blog | how to podcast | tutorials,src/content/articles/2015/step2.md,
low,quiet_archive,search,podcast,2024,2024-01-05T06:30:39,The 2024 Show,ep161,https://mikemurphy.ai/podcast/ep161/,677,0,0,legacy,Episodes | Podcasting,,,src/content/articles/2024/ep161.md,
low,quiet_archive,search,podcast,2023,2023-03-24T06:00:25,The Domestika Show,ep160,https://mikemurphy.ai/podcast/ep160/,843,0,1744,legacy,Episodes | Podcasting,,,src/content/articles/2023/ep160.md,
low,quiet_archive,search,podcast,2023,2023-01-13T12:15:13,The Ai Show,ep159,https://mikemurphy.ai/podcast/ep159/,831,0,1793,legacy,Episodes | Podcasting,,,src/content/articles/2023/ep159.md,
low,quiet_archive,search,podcast,2022,2022-09-23T06:00:42,The Pilgrimage,ep158,https://mikemurphy.ai/podcast/ep158/,462,0,617,legacy,Episodes | Podcasting,,,src/content/articles/2022/ep158.md,
low,quiet_archive,search,podcast,2022,2022-04-08T04:15:38,The 2022 Life Update Show,ep157,https://mikemurphy.ai/podcast/ep157/,550,0,739,legacy,Episodes | Podcasting,,2022 | camino | update show,src/content/articles/2022/ep157.md,
low,quiet_archive,search,podcast,2020,2020-02-14T00:15:44,The Change Show,ep156,https://mikemurphy.ai/podcast/ep156/,651,0,0,legacy,Episodes | Podcasting,,change | episodes | self-improvement | wellness,src/content/articles/2020/ep156.md,
low,quiet_archive,search,podcast,2019,2019-09-27T00:15:36,The 4th Anniversary Show,ep155,https://mikemurphy.ai/podcast/ep155/,1049,0,507,legacy,Episodes | Podcasting,,anniversary | episodes,src/content/articles/2019/ep155.md,
low,quiet_archive,search,podcast,2019,2019-08-30T00:15:27,The Migration Show,ep154,https://mikemurphy.ai/podcast/ep154/,995,0,2054,legacy,Episodes | Podcasting,,episodes,src/content/articles/2019/ep154.md,
low,quiet_archive,search,podcast,2019,2019-08-09T00:15:55,The Budget Show,ep153,https://mikemurphy.ai/podcast/ep153/,652,0,1298,legacy,Episodes | Podcasting,,budget | episodes | money,src/content/articles/2019/ep153.md,
low,quiet_archive,search,podcast,2018,2018-12-21T00:15:23,The Merry Show,ep152,https://mikemurphy.ai/podcast/ep152/,722,0,1990,legacy,Episodes | Podcasting,,episodes | holiday,src/content/articles/2018/ep152.md,
low,quiet_archive,search,podcast,2018,2018-09-21T00:15:59,The 3 Year Show,ep151,https://mikemurphy.ai/podcast/ep151/,781,0,1694,legacy,Episodes | Podcasting,,anniversary | episodes,src/content/articles/2018/ep151.md,
low,quiet_archive,search,podcast,2018,2018-07-20T00:15:56,The Summer Break Show,ep150,https://mikemurphy.ai/podcast/ep150/,677,0,1683,legacy,Episodes | Podcasting,,episodes | podcasting,src/content/articles/2018/ep150.md,
low,quiet_archive,search,podcast,2018,2018-07-13T00:15:04,The Freedom Show,ep149,https://mikemurphy.ai/podcast/ep149/,721,0,1547,legacy,Episodes | Podcasting,,episodes,src/content/articles/2018/ep149.md,
low,quiet_archive,search,podcast,2018,2018-07-06T00:15:05,The IGTV Show,ep148,https://mikemurphy.ai/podcast/ep148/,677,0,2010,legacy,Episodes | Podcasting,,episodes,src/content/articles/2018/ep148.md,
low,quiet_archive,search,podcast,2018,2018-06-29T00:15:25,The Be Good Show,ep147,https://mikemurphy.ai/podcast/ep147/,697,0,1460,legacy,Episodes | Podcasting,,episodes,src/content/articles/2018/ep147.md,
low,quiet_archive,search,podcast,2018,2018-06-22T00:15:22,The Writing A Book Show,ep146,https://mikemurphy.ai/podcast/ep146/,731,0,1247,legacy,Episodes | Podcasting,,episodes | writing,src/content/articles/2018/ep146.md,
low,quiet_archive,search,podcast,2018,2018-06-15T00:15:25,The Creator Show,ep145,https://mikemurphy.ai/podcast/ep145/,806,0,1620,legacy,Episodes | Podcasting,,content | episodes,src/content/articles/2018/ep145.md,
low,quiet_archive,search,podcast,2018,2018-06-08T00:15:29,The Wordpress.com Show,ep144,https://mikemurphy.ai/podcast/ep144/,735,0,2525,legacy,Episodes | Podcasting,,episodes,src/content/articles/2018/ep144.md,
low,quiet_archive,search,podcast,2018,2018-06-01T00:15:20,The Podcast Hosting Show,ep143,https://mikemurphy.ai/podcast/ep143/,655,0,1514,legacy,Episodes | Podcasting,,episodes | podcasting,src/content/articles/2018/ep143.md,
low,quiet_archive,search,podcast,2018,2018-05-25T00:15:08,The Why Wordpress.com Show,ep142,https://mikemurphy.ai/podcast/ep142/,794,0,1750,legacy,Episodes | Podcasting,,episodes | podcasting,src/content/articles/2018/ep142.md,
low,quiet_archive,search,podcast,2018,2018-05-18T00:15:05,The Amazon Associates Show,ep141,https://mikemurphy.ai/podcast/ep141/,685,0,1080,legacy,Episodes | Podcasting,,amazon | episodes,src/content/articles/2018/ep141.md,
low,quiet_archive,search,podcast,2018,2018-05-11T00:15:28,The Podcast Roadmap Show,ep140,https://mikemurphy.ai/podcast/ep140/,515,0,1099,legacy,Episodes | Podcasting,,episodes | podcasting,src/content/articles/2018/ep140.md,
low,quiet_archive,search,podcast,2018,2018-05-04T00:15:07,The One Life Show,ep139,https://mikemurphy.ai/podcast/ep139/,1121,0,2329,legacy,Episodes | Podcasting,,episodes | motivation,src/content/articles/2018/ep139.md,
low,quiet_archive,search,podcast,2018,2018-04-27T00:15:51,The Teacher Show,ep138,https://mikemurphy.ai/podcast/ep138/,678,0,1849,legacy,Episodes | Podcasting,,education | episodes,src/content/articles/2018/ep138.md,
low,quiet_archive,search,podcast,2018,2018-04-20T00:15:58,The Client Show,ep137,https://mikemurphy.ai/podcast/ep137/,610,0,1562,legacy,Episodes | Podcasting,,episodes | freelancing,src/content/articles/2018/ep137.md,
low,quiet_archive,search,podcast,2018,2018-04-13T00:15:44,The Ask Mike Show,ep136,https://mikemurphy.ai/podcast/ep136/,582,0,1036,legacy,Episodes | Podcasting,,episodes | livestream,src/content/articles/2018/ep136.md,
low,quiet_archive,search,podcast,2018,2018-04-06T00:15:57,The Alexa Show,ep135,https://mikemurphy.ai/podcast/ep135/,801,0,1701,legacy,Episodes | Podcasting,,amazon alexa | episodes,src/content/articles/2018/ep135.md,
low,quiet_archive,search,podcast,2018,2018-03-30T00:15:39,The Instagram Business Show,ep134,https://mikemurphy.ai/podcast/ep134/,623,0,1492,legacy,Episodes | Podcasting,,episodes | Instagram,src/content/articles/2018/ep134.md,
low,quiet_archive,search,podcast,2018,2018-03-23T00:15:54,The Backup Show,ep133,https://mikemurphy.ai/podcast/ep133/,810,0,1977,legacy,Episodes | Podcasting,,episodes,src/content/articles/2018/ep133.md,
low,quiet_archive,search,podcast,2018,2018-03-16T00:15:49,The iCloud Show,ep132,https://mikemurphy.ai/podcast/ep132/,902,0,2828,legacy,Episodes | Podcasting,,apple | episodes,src/content/articles/2018/ep132.md,
low,quiet_archive,search,podcast,2018,2018-03-09T00:15:09,The Ebook Show,ep131,https://mikemurphy.ai/podcast/ep131/,647,0,1390,legacy,Episodes | Podcasting,,episodes | writing,src/content/articles/2018/ep131.md,
low,quiet_archive,search,podcast,2018,2018-03-02T00:15:55,The Evernote Show,ep130,https://mikemurphy.ai/podcast/ep130/,811,0,1819,legacy,Episodes | Podcasting,,episodes | evernote,src/content/articles/2018/ep130.md,
low,quiet_archive,search,podcast,2018,2018-02-23T00:15:12,The Value Show,ep129,https://mikemurphy.ai/podcast/ep129/,620,0,1428,legacy,Episodes | Podcasting,,episodes,src/content/articles/2018/ep129.md,
low,quiet_archive,search,podcast,2018,2018-02-16T00:15:31,The Podfest 2018 Show,ep128,https://mikemurphy.ai/podcast/ep128/,597,0,1527,legacy,Episodes | Podcasting,,episodes,src/content/articles/2018/ep128.md,
low,quiet_archive,search,podcast,2018,2018-02-09T00:15:27,The Facebook Live Show,ep127,https://mikemurphy.ai/podcast/ep127/,1001,0,1309,legacy,Episodes | Podcasting,,episodes | facebook live,src/content/articles/2018/ep127.md,
low,quiet_archive,search,podcast,2018,2018-02-02T00:15:35,The Twitter Show,ep126,https://mikemurphy.ai/podcast/ep126/,906,0,988,legacy,Episodes,,episodes | social media | twitter,src/content/articles/2018/ep126.md,
low,quiet_archive,search,podcast,2018,2018-01-26T00:15:40,The LinkedIn Show,ep125,https://mikemurphy.ai/podcast/ep125/,510,0,894,legacy,Episodes | Podcasting,,episodes | linkedin | social media,src/content/articles/2018/ep125.md,
low,quiet_archive,search,podcast,2018,2018-01-19T00:15:01,The Wellness Show,ep124,https://mikemurphy.ai/podcast/ep124/,825,0,1910,legacy,Episodes | Podcasting,,episodes | wellness,src/content/articles/2018/ep124.md,
low,quiet_archive,search,podcast,2018,2018-01-12T00:15:17,The Mike Murphy Show,ep123,https://mikemurphy.ai/podcast/ep123/,756,0,1480,legacy,Episodes | Podcasting,,episodes | personal branding,src/content/articles/2018/ep123.md,
low,quiet_archive,search,podcast,2018,2018-01-05T00:15:47,The 2018 Roadmap Show,ep122,https://mikemurphy.ai/podcast/ep122/,621,0,1834,legacy,Episodes | Podcasting,,episodes | roadmap,src/content/articles/2018/ep122.md,
low,quiet_archive,search,podcast,2017,2017-12-29T00:15:09,The 2017 Show,ep121,https://mikemurphy.ai/podcast/ep121/,723,0,1481,legacy,Episodes | Podcasting,,episodes | roadmap,src/content/articles/2017/ep121.md,
low,quiet_archive,search,podcast,2017,2017-12-22T00:15:56,The Podcasts Connect Show,ep120,https://mikemurphy.ai/podcast/ep120/,719,0,1565,legacy,Episodes | Podcasting,,episodes | how to podcast,src/content/articles/2017/ep120.md,
low,quiet_archive,search,podcast,2017,2017-12-15T00:15:33,The Podcast & Business Show,ep119,https://mikemurphy.ai/podcast/ep119/,999,0,2773,legacy,Episodes | Podcasting,,episodes | podcasting,src/content/articles/2017/ep119.md,
low,quiet_archive,search,podcast,2017,2017-12-08T00:15:26,The Instagram Story Show,ep118,https://mikemurphy.ai/podcast/ep118/,779,0,1941,legacy,Episodes | Podcasting,,episodes | Instagram,src/content/articles/2017/ep118.md,
low,quiet_archive,search,podcast,2017,2017-12-01T00:15:55,The Concierge Show,ep117,https://mikemurphy.ai/podcast/ep117/,501,0,631,legacy,Episodes | Podcasting,,episodes | side hustle,src/content/articles/2017/ep117.md,
low,quiet_archive,search,podcast,2017,2017-11-24T00:15:37,The Franklin Show,ep116,https://mikemurphy.ai/podcast/ep116/,439,0,615,legacy,Episodes | Podcasting,,episodes | holidays,src/content/articles/2017/ep116.md,
low,quiet_archive,search,podcast,2017,2017-11-17T00:15:42,The Open Mike Show,ep115,https://mikemurphy.ai/podcast/ep115/,531,0,774,legacy,Episodes | Podcasting,,episodes | personal branding,src/content/articles/2017/ep115.md,
low,quiet_archive,search,podcast,2017,2017-11-10T00:15:18,The Gift Guide Show,ep114,https://mikemurphy.ai/podcast/ep114/,445,0,733,legacy,Episodes | Podcasting,,episodes | holiday,src/content/articles/2017/ep114.md,
low,quiet_archive,search,podcast,2017,2017-11-03T00:15:19,The Adobe CC 2018 Show,ep113,https://mikemurphy.ai/podcast/ep113/,641,0,1096,legacy,Episodes | Podcasting,,adobe | episodes,src/content/articles/2017/ep113.md,
low,quiet_archive,search,podcast,2017,2017-10-27T00:15:03,The Patreon Show,ep112,https://mikemurphy.ai/podcast/ep112/,591,0,1193,legacy,Episodes | Podcasting,,episodes | patreon,src/content/articles/2017/ep112.md,
low,quiet_archive,search,podcast,2017,2017-10-20T00:15:49,The G Suite Show,ep111,https://mikemurphy.ai/podcast/ep111/,637,0,1109,legacy,Episodes | Podcasting,,episodes | Google,src/content/articles/2017/ep111.md,
low,quiet_archive,search,podcast,2017,2017-10-13T00:15:04,The Self-Doubt Show,ep110,https://mikemurphy.ai/podcast/ep110/,445,0,619,legacy,Episodes | Podcasting,,episodes | self-doubt,src/content/articles/2017/ep110.md,
low,quiet_archive,search,podcast,2017,2017-10-06T00:15:35,The Digital Cleanup Show,ep109,https://mikemurphy.ai/podcast/ep109/,490,0,813,legacy,Episodes | Podcasting,,episodes | minimalism,src/content/articles/2017/ep109.md,
low,quiet_archive,search,podcast,2017,2017-09-29T00:15:55,The Priority Show,ep108,https://mikemurphy.ai/podcast/ep108/,871,0,1379,legacy,Episodes | Podcasting,,episodes | mindset | minimalism | simplify,src/content/articles/2017/ep108.md,
low,quiet_archive,search,podcast,2017,2017-09-22T00:15:05,The Second Anniversary Show,ep107,https://mikemurphy.ai/podcast/ep107/,689,0,1293,legacy,Episodes | Podcasting,,episodes | podcasting,src/content/articles/2017/ep107.md,
low,quiet_archive,search,podcast,2017,2017-09-15T00:15:28,The Irma Show,ep106,https://mikemurphy.ai/podcast/ep106/,492,0,740,legacy,Episodes | Podcasting,,episodes | hurricane | irma,src/content/articles/2017/ep106.md,
low,quiet_archive,search,podcast,2017,2017-09-08T00:15:30,The Brand Clarity Show,ep105,https://mikemurphy.ai/podcast/ep105/,677,0,1133,legacy,Episodes | Podcasting,,clarity | episodes | personal branding,src/content/articles/2017/ep105.md,
low,quiet_archive,search,podcast,2017,2017-09-01T00:15:54,The Podcast Movement Show,ep104,https://mikemurphy.ai/podcast/ep104/,521,0,864,legacy,Episodes | Podcasting,,conference | episodes | networking,src/content/articles/2017/ep104.md,
low,quiet_archive,search,podcast,2017,2017-08-25T00:15:55,The Conference Show,ep103,https://mikemurphy.ai/podcast/ep103/,405,0,666,legacy,Episodes | Podcasting,,conference | episodes | networking,src/content/articles/2017/ep103.md,
low,quiet_archive,search,podcast,2017,2017-08-18T00:15:12,The Instagram Strategy Show,ep102,https://mikemurphy.ai/podcast/ep102/,656,0,1000,legacy,Episodes | Podcasting,,episodes | Instagram | social media,src/content/articles/2017/ep102.md,
low,quiet_archive,search,podcast,2017,2017-08-11T00:15:55,The PR Show,ep101,https://mikemurphy.ai/podcast/ep101/,495,0,706,legacy,Episodes | Podcasting,,episodes | marketing | pr,src/content/articles/2017/ep101.md,
low,quiet_archive,search,podcast,2017,2017-08-04T00:15:23,The Century Show,ep100,https://mikemurphy.ai/podcast/ep100/,2214,0,2284,legacy,Episodes | Podcasting,,episodes,src/content/articles/2017/ep100.md,
low,quiet_archive,search,podcast,2017,2017-07-28T00:15:40,The Podcast Accounting Show,ep99,https://mikemurphy.ai/podcast/ep99/,388,0,520,legacy,Episodes | Podcasting,,BUSINESS | episodes | podcast | Video,src/content/articles/2017/ep99.md,
low,quiet_archive,search,podcast,2017,2017-07-21T00:15:10,The Video Toolbox Show,ep98,https://mikemurphy.ai/podcast/ep98/,552,0,664,legacy,Episodes | Podcasting,,episodes | gear | tools | Video,src/content/articles/2017/ep98.md,
low,quiet_archive,search,podcast,2017,2017-07-14T00:15:04,The One Man Band Show,ep97,https://mikemurphy.ai/podcast/ep97/,331,0,588,legacy,Episodes | Podcasting,,episodes | Video,src/content/articles/2017/ep97.md,
low,quiet_archive,search,podcast,2017,2017-07-07T00:15:45,The Video Show,ep96,https://mikemurphy.ai/podcast/ep96/,394,0,643,legacy,Episodes | Podcasting,,episodes | Video,src/content/articles/2017/ep96.md,
low,quiet_archive,search,podcast,2017,2017-06-30T00:15:44,The Travel Show,ep95,https://mikemurphy.ai/podcast/ep95/,789,0,1052,legacy,Episodes | Podcasting,,episodes,src/content/articles/2017/ep95.md,
low,quiet_archive,search,podcast,2017,2017-06-23T00:15:56,The Dead Show,ep94,https://mikemurphy.ai/podcast/ep94/,352,0,498,legacy,Episodes | Podcasting,,episodes | personal branding,src/content/articles/2017/ep94.md,
low,quiet_archive,search,podcast,2017,2017-06-16T00:15:20,The Instagram Sizing Show,ep93,https://mikemurphy.ai/podcast/ep93/,480,0,731,legacy,Episodes | Podcasting,,episodes | Instagram | social media,src/content/articles/2017/ep93.md,
low,quiet_archive,search,podcast,2017,2017-06-09T00:15:07,The Pixels 101 Show,ep92,https://mikemurphy.ai/podcast/ep92/,505,0,932,legacy,Episodes | Podcasting,,episodes | photos | pixels,src/content/articles/2017/ep92.md,
low,quiet_archive,search,podcast,2017,2017-06-02T00:15:09,The Simplify Show,ep91,https://mikemurphy.ai/podcast/ep91/,652,0,1200,legacy,Episodes | Podcasting,,episodes | minimalism | simplify,src/content/articles/2017/ep91.md,
low,quiet_archive,search,podcast,2017,2017-05-26T00:15:18,The Freelance Rate Show,ep90,https://mikemurphy.ai/podcast/ep90/,481,0,755,legacy,Episodes | Podcasting,,entrepreneur | episodes | freelance,src/content/articles/2017/ep90.md,
low,quiet_archive,search,podcast,2017,2017-05-19T00:15:32,The Proposal Show,ep89,https://mikemurphy.ai/podcast/ep89/,623,0,1093,legacy,Episodes | Podcasting,,episodes | freelancing | proposal,src/content/articles/2017/ep89.md,
low,quiet_archive,search,podcast,2017,2017-05-12T00:15:41,The Podcast Checkup Show,ep88,https://mikemurphy.ai/podcast/ep88/,580,0,986,legacy,Episodes | Podcasting,,episodes,src/content/articles/2017/ep88.md,
low,quiet_archive,search,podcast,2017,2017-05-05T00:15:48,The Client Workflow Show,ep87,https://mikemurphy.ai/podcast/ep87/,443,0,734,legacy,Episodes | Podcasting,,clients | episodes | freelancing,src/content/articles/2017/ep87.md,
low,quiet_archive,search,podcast,2017,2017-04-28T00:15:52,The Vlog Show,ep86,https://mikemurphy.ai/podcast/ep86/,583,0,838,legacy,Episodes | Podcasting,,episodes | Video | VLOG,src/content/articles/2017/ep86.md,
low,quiet_archive,search,podcast,2017,2017-04-21T00:15:43,The Music Show,ep85,https://mikemurphy.ai/podcast/ep85/,572,0,924,legacy,Episodes | Podcasting,,episodes | music | Video,src/content/articles/2017/ep85.md,
low,quiet_archive,search,podcast,2017,2017-04-14T00:15:44,The Quick Tip Workflow Show,ep84,https://mikemurphy.ai/podcast/ep84/,465,0,649,legacy,Episodes | Podcasting,,episodes | tutorials | Video,src/content/articles/2017/ep84.md,
low,quiet_archive,search,podcast,2017,2017-04-07T00:15:22,The Personal Brand Show (Pt. 2),ep83,https://mikemurphy.ai/podcast/ep83/,570,0,853,legacy,Episodes | Podcasting,,branding | episodes,src/content/articles/2017/ep83.md,
low,quiet_archive,search,podcast,2017,2017-03-31T00:15:51,The Personal Brand Show (Pt. 1),ep82,https://mikemurphy.ai/podcast/ep82/,568,0,844,legacy,Episodes | Podcasting,,branding | episodes | marketing,src/content/articles/2017/ep82.md,
low,quiet_archive,search,podcast,2017,2017-03-24T00:15:04,The Content Whiteboard Show,ep81,https://mikemurphy.ai/podcast/ep81/,317,0,493,legacy,Episodes | Podcasting,,content | episodes,src/content/articles/2017/ep81.md,
low,quiet_archive,search,podcast,2017,2017-03-17T00:15:39,The Show Notes Show,ep80,https://mikemurphy.ai/podcast/ep80/,383,0,652,legacy,Episodes | Podcasting,,episodes | podcasting,src/content/articles/2017/ep80.md,
low,quiet_archive,search,podcast,2017,2017-03-10T00:15:37,The Accounting Show,ep79,https://mikemurphy.ai/podcast/ep79/,698,0,1369,legacy,Episodes | Podcasting,,accounting | episodes | taxes,src/content/articles/2017/ep79.md,
low,quiet_archive,search,podcast,2017,2017-03-03T00:15:16,The PodFest 2017 Show,ep78,https://mikemurphy.ai/podcast/ep78/,609,0,950,legacy,Episodes | Podcasting,,episodes | podcast | podfest,src/content/articles/2017/ep78.md,
low,quiet_archive,search,podcast,2017,2017-02-24T00:15:16,The Podcast Setup Show (Pt 2),ep77,https://mikemurphy.ai/podcast/ep77/,593,0,993,legacy,Episodes | Podcasting,,episodes | podcast | tutorial,src/content/articles/2017/ep77.md,
low,quiet_archive,search,podcast,2017,2017-02-17T00:15:43,The Podcast Setup Show (Part 1),ep76,https://mikemurphy.ai/podcast/ep76/,389,0,982,legacy,Episodes | Podcasting,,episodes | podcasting,src/content/articles/2017/ep76.md,
low,quiet_archive,search,podcast,2017,2017-02-10T00:15:55,The Freelance Services Show,ep75,https://mikemurphy.ai/podcast/ep75/,452,0,631,legacy,Episodes | Podcasting,,episodes,src/content/articles/2017/ep75.md,
low,quiet_archive,search,podcast,2017,2017-02-03T00:15:23,The Self-Publishing Show (Pt.3),ep74,https://mikemurphy.ai/podcast/ep74/,540,0,997,legacy,Episodes | Podcasting,,books | episodes | self-publishing,src/content/articles/2017/ep74.md,
low,quiet_archive,search,podcast,2017,2017-01-27T00:15:41,The Self-Publishing Show (Pt. 2),ep73,https://mikemurphy.ai/podcast/ep73/,362,0,727,legacy,Episodes | Podcasting,,episodes,src/content/articles/2017/ep73.md,
low,quiet_archive,search,podcast,2017,2017-01-20T00:15:08,The Self-Publishing Show (Pt. 1),ep72,https://mikemurphy.ai/podcast/ep72/,402,0,553,legacy,Episodes | Podcasting,,episodes,src/content/articles/2017/ep72.md,
low,quiet_archive,search,podcast,2017,2017-01-13T00:15:53,The Instagram Live Show,ep71,https://mikemurphy.ai/podcast/ep71/,296,0,416,legacy,Episodes | Podcasting,,episodes | Instagram | social media,src/content/articles/2017/ep71.md,
low,quiet_archive,search,podcast,2017,2017-01-06T00:15:39,The 2017 Roadmap Show,ep70,https://mikemurphy.ai/podcast/ep70/,381,0,491,legacy,Episodes | Podcasting,,episodes | goals,src/content/articles/2017/ep70.md,
low,quiet_archive,search,podcast,2016,2016-12-30T00:15:01,The Reflection Show,ep69,https://mikemurphy.ai/podcast/ep69/,472,0,731,legacy,Episodes | Podcasting,,episodes | goals,src/content/articles/2016/ep69.md,
low,quiet_archive,search,podcast,2016,2016-12-23T00:15:14,The Adobe After Effects Show,ep68,https://mikemurphy.ai/podcast/ep68/,441,1,0,legacy,Episodes | Podcasting,,adobe | after effects | animation | episodes,src/content/articles/2016/ep68.md,
low,quiet_archive,search,podcast,2016,2016-12-16T00:15:57,The Video Strategy Show,ep67,https://mikemurphy.ai/podcast/ep67/,401,0,0,legacy,Episodes | Podcasting,,episodes | strategy | Video,src/content/articles/2016/ep67.md,
low,quiet_archive,search,podcast,2016,2016-12-09T00:15:44,The Adobe Mobile Show,ep66,https://mikemurphy.ai/podcast/ep66/,495,0,0,legacy,Episodes | Podcasting,,adobe | episodes | mobile,src/content/articles/2016/ep66.md,
low,quiet_archive,search,podcast,2016,2016-12-02T00:15:58,The Adobe Premiere Show,ep65,https://mikemurphy.ai/podcast/ep65/,447,0,0,legacy,Episodes | Podcasting,,adobe | episodes | premiere,src/content/articles/2016/ep65.md,
low,quiet_archive,search,podcast,2016,2016-11-25T00:15:31,The Gift Show,ep64,https://mikemurphy.ai/podcast/ep64/,384,0,0,legacy,Episodes | Podcasting,,episodes | gift | holiday,src/content/articles/2016/ep64.md,
low,quiet_archive,search,podcast,2016,2016-11-18T00:15:45,The Adobe Lightroom Show,ep63,https://mikemurphy.ai/podcast/ep63/,280,0,0,legacy,Episodes | Podcasting,,adobe | episodes | lightroom,src/content/articles/2016/ep63.md,
low,quiet_archive,search,podcast,2016,2016-11-11T00:15:31,The Medium Show,ep62,https://mikemurphy.ai/podcast/ep62/,492,0,0,legacy,Episodes | Podcasting,,episodes | medium | social media,src/content/articles/2016/ep62.md,
low,quiet_archive,search,podcast,2016,2016-11-04T00:15:59,The Facebook Live Show,ep61,https://mikemurphy.ai/podcast/ep61/,547,0,0,legacy,Episodes | Podcasting,,episodes | facebook | social media,src/content/articles/2016/ep61.md,
low,quiet_archive,search,podcast,2016,2016-10-28T00:15:37,The Podcaster Toolkit Show,ep60,https://mikemurphy.ai/podcast/ep60/,557,0,978,legacy,Episodes | Podcasting,,episodes | podcasting,src/content/articles/2016/ep60.md,
low,quiet_archive,search,podcast,2016,2016-10-21T00:15:47,The Web Design Show,ep59,https://mikemurphy.ai/podcast/ep59/,424,0,0,legacy,Episodes | Podcasting,,divi | episodes | WordPress,src/content/articles/2016/ep59.md,
low,quiet_archive,search,podcast,2016,2016-10-14T00:15:29,The Audio 101 Show (Part 2),ep58,https://mikemurphy.ai/podcast/ep58/,632,0,1071,legacy,Episodes | Podcasting,,audio | episodes | podcasting,src/content/articles/2016/ep58.md,
low,quiet_archive,search,podcast,2016,2016-10-07T00:15:58,The Audio 101 Show (Part 1),ep57,https://mikemurphy.ai/podcast/ep57/,522,0,951,legacy,Episodes | Podcasting,,audio | episodes | podcasting,src/content/articles/2016/ep57.md,
low,quiet_archive,search,podcast,2016,2016-09-30T00:15:21,The Adobe Audition Show,ep56,https://mikemurphy.ai/podcast/ep56/,551,0,1128,legacy,Episodes | Podcasting,,episodes,src/content/articles/2016/ep56.md,
low,quiet_archive,search,podcast,2016,2016-09-23T00:15:08,The Anniversary Show,ep55,https://mikemurphy.ai/podcast/ep55/,458,0,0,legacy,Episodes | Podcasting,,anniversary | episodes,src/content/articles/2016/ep55.md,
low,quiet_archive,search,podcast,2016,2016-09-16T00:15:49,The Business Show,ep54,https://mikemurphy.ai/podcast/ep54/,374,0,0,legacy,Episodes | Podcasting,,BUSINESS | episodes,src/content/articles/2016/ep54.md,
low,quiet_archive,search,podcast,2016,2016-09-09T00:15:49,The LiveStream Show,ep53,https://mikemurphy.ai/podcast/ep53/,274,0,0,legacy,Episodes | Podcasting,,episodes | livestream | Video,src/content/articles/2016/ep53.md,
low,quiet_archive,search,podcast,2016,2016-09-02T00:15:17,The Everglades Show,ep52,https://mikemurphy.ai/podcast/ep52/,555,0,755,legacy,Episodes | Podcasting,,episodes | everglades | mobile podcasting,src/content/articles/2016/ep52.md,
low,quiet_archive,search,podcast,2016,2016-08-26T00:15:30,The Writing Show,ep51,https://mikemurphy.ai/podcast/ep51/,194,0,0,legacy,Episodes | Podcasting,,episodes | podcasting | writing,src/content/articles/2016/ep51.md,
low,quiet_archive,search,podcast,2016,2016-08-19T00:15:10,The Beach-Cast Show,ep50,https://mikemurphy.ai/podcast/ep50/,499,0,0,legacy,Episodes | Podcasting,,episodes | mobile | podcasting,src/content/articles/2016/ep50.md,
low,quiet_archive,search,podcast,2016,2016-08-12T00:15:57,The Instagram Stories Show,ep49,https://mikemurphy.ai/podcast/ep49/,351,0,467,legacy,Episodes | Podcasting,,episodes | Instagram | social media,src/content/articles/2016/ep49.md,
low,quiet_archive,search,podcast,2016,2016-08-05T00:15:22,The Golden Gate Show,ep48,https://mikemurphy.ai/podcast/ep48/,427,0,481,legacy,Episodes | Podcasting,,episodes | podcasting,src/content/articles/2016/ep48.md,
low,quiet_archive,search,podcast,2016,2016-07-29T00:15:00,The Summer Playlist Show,ep47,https://mikemurphy.ai/podcast/ep47/,532,0,0,legacy,Episodes | Podcasting,,episodes | playlists | podcasts | top 7,src/content/articles/2016/ep47.md,
low,quiet_archive,search,podcast,2016,2016-07-22T00:15:00,The Screencast Show,ep46,https://mikemurphy.ai/podcast/ep46/,512,0,0,legacy,Episodes,,camtasia | episodes | screencasting | screenflow | tutorials,src/content/articles/2016/ep46.md,
low,quiet_archive,search,podcast,2016,2016-07-15T00:15:00,The Skillshare Show,ep45,https://mikemurphy.ai/podcast/ep45/,499,0,0,legacy,Episodes | Podcasting,,episodes | skillshare,src/content/articles/2016/ep45.md,
low,quiet_archive,search,podcast,2016,2016-07-08T00:15:50,The Affiliate Show,ep44,https://mikemurphy.ai/podcast/ep44/,534,0,0,legacy,Episodes | Podcasting,,affiliate marketing | episodes,src/content/articles/2016/ep44.md,
low,quiet_archive,search,podcast,2016,2016-07-01T00:15:23,The 911 Show,ep43,https://mikemurphy.ai/podcast/ep43/,311,0,0,legacy,Episodes | Podcasting,,911 | emergency | episodes | toolkit,src/content/articles/2016/ep43.md,
low,quiet_archive,search,podcast,2016,2016-06-24T00:15:00,The Workflow Show,ep42,https://mikemurphy.ai/podcast/ep42/,289,0,0,legacy,Episodes | Podcasting,,episodes | workflow,src/content/articles/2016/ep42.md,
low,quiet_archive,search,podcast,2016,2016-06-17T00:15:00,The Hardware Show,ep41,https://mikemurphy.ai/podcast/ep41/,471,0,526,legacy,Episodes | Podcasting,,audio | episodes | gear,src/content/articles/2016/ep41.md,
low,quiet_archive,search,podcast,2016,2016-06-10T00:15:39,The Script Show,ep40,https://mikemurphy.ai/podcast/ep40/,363,0,0,legacy,Episodes | Podcasting,,episodes | script | scrivener,src/content/articles/2016/ep40.md,
low,quiet_archive,search,podcast,2016,2016-06-03T00:15:51,The Google Show,ep39,https://mikemurphy.ai/podcast/ep39/,473,0,0,legacy,Episodes | Podcasting,,episodes | Google | podcasting,src/content/articles/2016/ep39.md,
low,quiet_archive,search,podcast,2016,2016-05-27T00:15:45,The Adobe Show,ep38,https://mikemurphy.ai/podcast/ep38/,375,0,561,legacy,Episodes | Podcasting,,adobe | adobe cc | episodes,src/content/articles/2016/ep38.md,
low,quiet_archive,search,podcast,2016,2016-05-20T00:15:00,The Instagram Show,ep37,https://mikemurphy.ai/podcast/ep37/,544,0,593,legacy,Episodes | Podcasting,,episodes,src/content/articles/2016/ep37.md,
low,quiet_archive,search,podcast,2016,2016-05-13T00:15:24,The Tutorial Show,ep36,https://mikemurphy.ai/podcast/ep36/,605,0,0,legacy,Episodes | Podcasting,,episodes | tutorials,src/content/articles/2016/ep36.md,
low,quiet_archive,search,podcast,2016,2016-05-06T00:15:09,The Snapchat Show (Part 2),ep35,https://mikemurphy.ai/podcast/ep35/,345,0,0,legacy,Episodes | Podcasting,,episodes | snapchat | social media,src/content/articles/2016/ep35.md,
low,quiet_archive,search,podcast,2016,2016-04-29T00:15:58,The Snapchat Show (Part 1),ep34,https://mikemurphy.ai/podcast/ep34/,498,0,0,legacy,Episodes | Podcasting,,episodes | podcast | snapchat | social media,src/content/articles/2016/ep34.md,
low,quiet_archive,search,podcast,2016,2016-04-22T00:15:00,The YouTube Show,ep33,https://mikemurphy.ai/podcast/ep33/,242,0,0,legacy,Episodes | Podcasting,,episodes | YOUTUBE,src/content/articles/2016/ep33.md,
low,quiet_archive,search,podcast,2016,2016-04-15T00:15:11,The Video Ideas Show,ep32,https://mikemurphy.ai/podcast/ep32/,413,0,0,legacy,Episodes | Podcasting,,episodes | podcast | Video,src/content/articles/2016/ep32.md,
low,quiet_archive,search,podcast,2016,2016-04-08T00:15:19,The Rhythm Show,ep31,https://mikemurphy.ai/podcast/ep31/,464,0,0,legacy,Episodes | Podcasting,,episodes | rhythm,src/content/articles/2016/ep31.md,
low,quiet_archive,search,podcast,2016,2016-04-01T00:15:00,The Strengths Show,ep30,https://mikemurphy.ai/podcast/ep30/,444,0,0,legacy,Episodes | Podcasting,,episodes,src/content/articles/2016/ep30.md,
low,quiet_archive,search,podcast,2016,2016-03-25T00:15:00,The Guest Interview Show,ep29,https://mikemurphy.ai/podcast/ep29/,316,0,0,legacy,Episodes | Podcasting,,episodes,src/content/articles/2016/ep29.md,
low,quiet_archive,search,podcast,2016,2016-03-18T00:15:00,The Green Show,ep28,https://mikemurphy.ai/podcast/ep28/,556,0,0,legacy,Episodes | Podcasting,,episodes,src/content/articles/2016/ep28.md,
low,quiet_archive,search,podcast,2016,2016-03-11T00:15:00,The Podfest Show,ep27,https://mikemurphy.ai/podcast/ep27/,311,0,452,legacy,Episodes | Podcasting,,episodes | events | podfest,src/content/articles/2016/ep27.md,
low,quiet_archive,search,podcast,2016,2016-03-04T00:15:00,The Repurpose Show,ep26,https://mikemurphy.ai/podcast/ep26/,607,0,0,legacy,Episodes | Podcasting,,content | episodes,src/content/articles/2016/ep26.md,
low,quiet_archive,search,podcast,2016,2016-02-26T00:15:00,The Podfade-Away Show,ep25,https://mikemurphy.ai/podcast/ep25/,790,0,0,legacy,Episodes | Podcasting,,episodes | podfade,src/content/articles/2016/ep25.md,
low,quiet_archive,search,podcast,2016,2016-02-19T00:15:26,The Roadblock Show,ep24,https://mikemurphy.ai/podcast/ep24/,694,0,0,legacy,Episodes | Podcasting,,episodes | podcast,src/content/articles/2016/ep24.md,
low,quiet_archive,search,podcast,2016,2016-02-12T00:15:23,The How Show,ep23,https://mikemurphy.ai/podcast/ep23/,429,0,0,legacy,Episodes | Podcasting,,episodes | podcasting,src/content/articles/2016/ep23.md,
low,quiet_archive,search,podcast,2016,2016-02-05T00:15:22,The Why Show,ep22,https://mikemurphy.ai/podcast/ep22/,598,0,0,legacy,Episodes | Podcasting,,episodes | move forward | podcast | why,src/content/articles/2016/ep22.md,
low,quiet_archive,search,podcast,2016,2016-01-29T00:15:00,The Format Show,ep21,https://mikemurphy.ai/podcast/ep21/,701,0,0,legacy,Episodes | Podcasting,,episodes | podcasting,src/content/articles/2016/ep21.md,
low,quiet_archive,search,podcast,2016,2016-01-22T00:15:00,The Teaching Show,ep20,https://mikemurphy.ai/podcast/ep20/,647,0,0,legacy,Episodes | Podcasting,,episodes | podcast | teaching,src/content/articles/2016/ep20.md,
low,quiet_archive,search,podcast,2016,2016-01-15T00:15:00,The Authority Show,ep19,https://mikemurphy.ai/podcast/ep19/,468,0,0,legacy,Episodes | Podcasting,,authority | episodes | fear | podcast,src/content/articles/2016/ep19.md,
low,quiet_archive,search,podcast,2016,2016-01-08T00:15:19,The Roadmap Toolkit,ep18,https://mikemurphy.ai/podcast/ep18/,504,0,547,legacy,Episodes | Podcasting,,episodes,src/content/articles/2016/ep18.md,
low,quiet_archive,search,podcast,2016,2016-01-01T00:15:56,The Roadmap Show,ep17,https://mikemurphy.ai/podcast/ep17/,716,0,1046,legacy,Episodes | Podcasting,,episodes,src/content/articles/2016/ep17.md,
low,quiet_archive,search,podcast,2015,2015-12-25T00:15:44,The Move Forward Show,ep16,https://mikemurphy.ai/podcast/ep16/,360,0,0,legacy,Episodes | Podcasting,,episodes | podcast,src/content/articles/2015/ep16.md,
low,quiet_archive,search,podcast,2015,2015-12-18T00:15:13,The Create Show,ep15,https://mikemurphy.ai/podcast/ep15/,478,0,0,legacy,Episodes | Podcasting,,episodes | podcast,src/content/articles/2015/ep15.md,
low,quiet_archive,search,podcast,2015,2015-12-11T00:15:19,The Learn Show,ep14,https://mikemurphy.ai/podcast/ep14/,467,0,0,legacy,Episodes | Podcasting,,episodes,src/content/articles/2015/ep14.md,
low,quiet_archive,search,podcast,2015,2015-12-04T00:15:25,The Resource Show,ep13,https://mikemurphy.ai/podcast/ep13/,437,0,0,legacy,Episodes | Podcasting,,episodes | podcast,src/content/articles/2015/ep13.md,
low,quiet_archive,search,podcast,2015,2015-11-27T00:15:46,The Web Show,ep12,https://mikemurphy.ai/podcast/ep12/,313,0,0,legacy,Episodes | Podcasting,,episodes,src/content/articles/2015/ep12.md,
low,quiet_archive,search,podcast,2015,2015-11-20T00:15:53,The Email Show,ep11,https://mikemurphy.ai/podcast/ep11/,385,0,0,legacy,Episodes | Podcasting,,ep11 | episodes | podcast,src/content/articles/2015/ep11.md,
low,quiet_archive,search,podcast,2015,2015-11-13T00:15:09,The Production Show,ep10,https://mikemurphy.ai/podcast/ep10/,465,0,587,legacy,Episodes | Podcasting,,episodes | MMU | podcast,src/content/articles/2015/ep10.md,
low,quiet_archive,search,podcast,2015,2015-11-06T00:15:03,The Stream Show,ep9,https://mikemurphy.ai/podcast/ep9/,331,0,0,legacy,Episodes | Podcasting,,episode 9 | episodes,src/content/articles/2015/ep9.md,
low,quiet_archive,search,podcast,2015,2015-10-30T00:15:07,The Social Show,ep8,https://mikemurphy.ai/podcast/ep8/,200,0,253,legacy,Episodes | Podcasting,,episodes | podcast,src/content/articles/2015/ep8.md,
low,quiet_archive,search,podcast,2015,2015-10-23T00:15:47,The Microphone Show,ep7,https://mikemurphy.ai/podcast/ep7/,247,0,0,legacy,Episodes | Podcasting,,episodes,src/content/articles/2015/ep7.md,
low,quiet_archive,search,podcast,2015,2015-10-16T00:15:09,The Money Show,ep6,https://mikemurphy.ai/podcast/ep6/,633,0,0,legacy,Episodes | Podcasting,,episodes | income | marketing | money | podcast | revenue,src/content/articles/2015/ep6.md,
low,quiet_archive,search,podcast,2015,2015-10-09T00:15:12,Top 10 Podcasts,ep5,https://mikemurphy.ai/podcast/ep5/,263,0,0,legacy,Episodes | Podcasting,,episodes | podcast | top10,src/content/articles/2015/ep5.md,
low,quiet_archive,search,podcast,2015,2015-10-02T04:00:08,The Podcast Launch,ep4,https://mikemurphy.ai/podcast/ep4/,942,0,0,legacy,Episodes | Podcasting,,episodes,src/content/articles/2015/ep4.md,
low,quiet_archive,search,podcast,2015,2015-09-25T22:56:19,The Tool Show,ep3,https://mikemurphy.ai/podcast/ep3/,454,0,0,legacy,Episodes | Podcasting,,episodes | MMU,src/content/articles/2015/ep3.md,
low,quiet_archive,search,podcast,2015,2015-09-24T22:54:47,The Gear Show,ep2,https://mikemurphy.ai/podcast/ep2/,414,0,0,legacy,Episodes | Podcasting,,episodes,src/content/articles/2015/ep2.md,
low,quiet_archive,search,podcast,2015,2015-09-22T09:30:40,About Mike Murphy,ep1,https://mikemurphy.ai/podcast/ep1/,378,0,0,legacy,Episodes | Podcasting,,episodes | unplugged,src/content/articles/2015/ep1.md,
protect,keep_indexed_verify_quality,public,tutorial,2026,2026-08-12,How To Build Your First Website With Astro,astro,https://mikemurphy.ai/tutorials/astro/,1365,1,0,ai,Tutorials | Astro,astro | nodejs | vscode | static-site | web-development | ai-coding,,src/content/articles/2026/astro.md,
protect,keep_draft,public,tutorial,2026,2026-08-05,Remotion: How To Open & Use Templates,remotiontemplates,https://mikemurphy.ai/tutorials/remotiontemplates/,1651,0,0,ai,Tutorials | Remotion | AI Tools,remotion | claude-code | video-with-code | templates | vs-code | nodejs,,src/content/articles/2026/remotiontemplates.md,
protect,keep_indexed_verify_quality,public,tutorial,2026,2026-07-28,Remotion: How To Get Started Making Videos With Code,remotion,https://mikemurphy.ai/tutorials/remotion/,1850,1,0,ai,Tutorials | Remotion | AI Tools,remotion | claude-code | video-with-code | ai-agents | vs-code | nodejs,,src/content/articles/2026/remotion.md,
protect,keep_indexed_verify_quality,public,tutorial,2026,2026-07-21,How To Turn Astro HTML Web Pages Into Markdown Using Cloudflare Workers,htmltomarkdown,https://mikemurphy.ai/tutorials/htmltomarkdown/,1060,1,0,ai,Tutorials | Cloudflare | Astro,cloudflare-workers | markdown | astro | github | obsidian,,src/content/articles/2026/htmltomarkdown.md,
protect,keep_indexed_verify_quality,public,tutorial,2026,2026-07-15,How to Install Directus on a Hostinger VPS to Replace AirTable,directus,https://mikemurphy.ai/tutorials/directus/,1358,1,0,ai,Tutorials | Docker | Self-Hosting,directus | airtable-alternative | docker | hostinger-vps | tailscale | self-hosted,directus | airtable-alternative | docker | hostinger | tailscale | self-hosted | headless-cms | postgres,src/content/articles/2026/directus.md,
protect,keep_indexed_verify_quality,public,tutorial,2026,2026-07-10,How To Migrate WordPress to Astro Without Losing SEO,wordpresstoastro,https://mikemurphy.ai/tutorials/wordpresstoastro/,1437,1,0,ai,Tutorials | WordPress | Astro,wordpress | astro | website-migration | 301-redirects | cloudflare | seo,,src/content/articles/2026/wordpresstoastro.md,
protect,keep_indexed_verify_quality,public,tutorial,2026,2026-07-01,Cloudflare: How To Redirect www to Your Root Domain (Canonical URL),canonicalurl,https://mikemurphy.ai/tutorials/canonicalurl/,1858,1,0,ai,Cloudflare | SEO | Tutorials,cloudflare | redirect-rules | 301-redirects | seo | canonical-url | domain-management,,src/content/articles/2026/canonicalurl.md,
protect,keep_indexed_verify_quality,public,tutorial,2026,2026-06-24T06:30:00,How To Create Bulk 301 Redirects on Cloudflare,bulkredirects,https://mikemurphy.ai/tutorials/bulkredirects/,1956,1,0,ai,Cloudflare | WordPress | Tutorials,cloudflare | bulk-redirects | pretty-links | shlink | wordpress-migration | astro | seo,,src/content/articles/2026/bulkredirects.md,
protect,keep_indexed_verify_quality,public,tutorial,2026,2026-06-19T06:30:00,How To Migrate Pretty Links To Shlink on Hostinger VPS,shlink,https://mikemurphy.ai/tutorials/shlink/,2693,1,0,ai,Hostinger VPS | WordPress | Tutorials,hostinger-vps | shlink | pretty-links | wordpress-migration | docker | traefik | cloudflare,,src/content/articles/2026/shlink.md,
protect,keep_indexed_verify_quality,public,tutorial,2026,2026-06-11T06:30:12,How To Create SSH Aliases on Mac to Connect to Your Hostinger VPS,sshalias,https://mikemurphy.ai/tutorials/sshalias/,1270,1,4106,ai,Hostinger VPS | MacOS Terminal | Tutorials,hostinger-vps | ssh | macos-terminal | ssh-config | developer-workflow,,src/content/articles/2026/sshalias.md,
protect,keep_indexed_verify_quality,public,tutorial,2026,2026-06-03T06:30:33,Hostinger VPS: Use a Custom Domain on CloudFlare To Open n8n,vpscloudflare,https://mikemurphy.ai/tutorials/vpscloudflare/,1631,1,4202,ai,Hostinger VPS | n8n | Tutorials,,,src/content/articles/2026/vpscloudflare.md,
protect,keep_indexed_verify_quality,public,tutorial,2026,2026-05-27T06:30:03,How To Set Up a Local AI Server on Mac Using Open WebUI and Ollama,localaiserver,https://mikemurphy.ai/tutorials/localaiserver/,1825,1,4349,ai,MacOS Terminal | Ollama | Open WebUI | Python | Tutorials,,,src/content/articles/2026/localaiserver.md,
protect,keep_indexed_verify_quality,public,tutorial,2026,2026-05-22T06:30:32,Run a Private AI Chatbot with Ollama and Open WebUI,openwebui,https://mikemurphy.ai/tutorials/openwebui/,1440,1,2847,ai,AI | Hostinger VPS | Ollama | Open WebUI | Tailscale | Tutorials,,,src/content/articles/2026/openwebui.md,
protect,keep_indexed_verify_quality,public,tutorial,2026,2026-05-13T06:30:20,How To Prune n8n & Docker Images on Hostinger VPS,prune,https://mikemurphy.ai/tutorials/prune/,260,1,1619,ai,AI | Docker | Hostinger VPS | n8n | Ollama | Tutorials,,,src/content/articles/2026/prune.md,
protect,keep_indexed_verify_quality,public,tutorial,2026,2026-05-06T06:30:37,OpenAI Codex: How To Install n8n MCP Server,n8nmcpcodex,https://mikemurphy.ai/tutorials/n8nmcpcodex/,215,1,363,ai,Codex | Hostinger VPS | MCP | n8n | OpenAI | Tutorials,,,src/content/articles/2026/n8nmcpcodex.md,
protect,keep_indexed_verify_quality,public,tutorial,2026,2026-04-29T06:30:22,"How To Setup Tailscale on IOS, MacOS & Hostinger VPS",tailscale,https://mikemurphy.ai/tutorials/tailscale/,379,1,519,ai,Hostinger VPS | Macs & iOS | Tutorials,,,src/content/articles/2026/tailscale.md,
protect,keep_indexed_verify_quality,public,tutorial,2026,2026-04-24T06:30:19,How To Create Symlinks on Mac for Obsidian,symlinks,https://mikemurphy.ai/tutorials/symlinks/,260,1,405,ai,AI | Macs & iOS | Obsidian | Tutorials,,,src/content/articles/2026/symlinks.md,
protect,keep_indexed_verify_quality,public,tutorial,2026,2026-04-17T06:40:29,How To Build an LLM Knowledge Base in Obsidian with Claude Code,llmwiki,https://mikemurphy.ai/tutorials/llmwiki/,187,1,353,ai,AI | Claude Code | Obsidian | Tutorials,,,src/content/articles/2026/llmwiki.md,
protect,keep_indexed_verify_quality,public,tutorial,2026,2026-04-10T06:30:26,How To Disable SSH Password Login on Hostinger VPS,sshpasswords,https://mikemurphy.ai/tutorials/sshpasswords/,277,1,518,ai,AI | Hostinger VPS | Tutorials,,security | ssh,src/content/articles/2026/sshpasswords.md,
protect,keep_indexed_verify_quality,public,tutorial,2026,2026-04-01T06:30:46,How To Setup UFW on Hostinger VPS,ufw,https://mikemurphy.ai/tutorials/ufw/,536,1,724,ai,AI | Hostinger VPS | Tutorials,,firewall,src/content/articles/2026/ufw.md,
protect,keep_indexed_verify_quality,public,tutorial,2026,2026-03-25T06:30:09,How to Use Claude Code Remote Control on Apple Devices,clauderemote,https://mikemurphy.ai/tutorials/clauderemote/,291,1,401,ai,AI | Claude Code | Tutorials,,,src/content/articles/2026/clauderemote.md,
protect,keep_indexed_verify_quality,public,tutorial,2026,2026-03-19T06:30:01,Hostinger VPS: How To Install Claude Code Safely as a Non-Root User,claudecodesudo,https://mikemurphy.ai/tutorials/claudecodesudo/,705,1,903,ai,AI | Claude Code | Hostinger VPS | Tutorials,,,src/content/articles/2026/claudecodesudo.md,
protect,keep_indexed_verify_quality,public,tutorial,2026,2026-03-12T06:30:08,Hostinger VPS: How To Create a Non-Root Sudo User,sudouser,https://mikemurphy.ai/tutorials/sudouser/,740,1,869,ai,AI | Hostinger VPS | Tutorials,,,src/content/articles/2026/sudouser.md,
protect,keep_indexed_verify_quality,public,tutorial,2026,2026-03-10T06:30:14,How to Reinstall or Change the OS on Your Hostinger VPS,reinstallos,https://mikemurphy.ai/tutorials/reinstallos/,513,1,612,ai,AI | Hostinger VPS | Tutorials,,,src/content/articles/2026/reinstallos.md,
protect,keep_indexed_verify_quality,public,tutorial,2026,2026-03-04T06:45:25,3 Ways To Connect To Your Hostinger VPS Using SFTP,sftp,https://mikemurphy.ai/tutorials/sftp/,525,1,647,ai,AI | Hostinger VPS | Termius SSH | Tutorials,,,src/content/articles/2026/sftp.md,
protect,keep_indexed_verify_quality,public,tutorial,2026,2026-02-26T06:45:04,How to Restore Claude Code Settings From a Backup,claudecoderestore,https://mikemurphy.ai/tutorials/claudecoderestore/,389,1,522,ai,AI | Claude Code | Tutorials,,,src/content/articles/2026/claudecoderestore.md,
protect,keep_indexed_verify_quality,public,tutorial,2026,2026-02-25T06:45:27,How to Backup & Uninstall Claude Code (Mac & Windows),claudecodebackup,https://mikemurphy.ai/tutorials/claudecodebackup/,453,1,567,ai,AI | Claude Code | Tutorials,,,src/content/articles/2026/claudecodebackup.md,
protect,keep_indexed_verify_quality,public,tutorial,2026,2026-02-24T06:45:10,Getting Started with 1Password Developer Tools,1passworddevtools,https://mikemurphy.ai/tutorials/1passworddevtools/,498,1,607,ai,1Password | AI | Macs & iOS | Tutorials,,,src/content/articles/2026/1passworddevtools.md,
protect,keep_indexed_verify_quality,public,tutorial,2026,2026-02-18T06:30:11,How To Deploy OpenClaw Securely with HTTPS & SSL on a Hostinger VPS,openclawhttps,https://mikemurphy.ai/tutorials/openclawhttps/,357,1,463,ai,Docker | Hostinger VPS | OpenClaw | Tutorials,,,src/content/articles/2026/openclawhttps.md,
protect,keep_indexed_verify_quality,public,tutorial,2026,2026-02-12T06:45:47,How To Install Claude Code On Mac Using Native Installer 2026,claudecodeinstall2026,https://mikemurphy.ai/tutorials/claudecodeinstall2026/,415,1,513,ai,AI | Claude Code | Tutorials,,,src/content/articles/2026/claudecodeinstall2026.md,
protect,keep_indexed_verify_quality,public,tutorial,2026,2026-02-10T07:45:04,How To Install OpenClaw on Hostinger VPS (Docker),openclaw,https://mikemurphy.ai/tutorials/openclaw/,297,1,401,ai,AI | Hostinger VPS | OpenClaw | Tutorials,,,src/content/articles/2026/openclaw.md,
protect,keep_indexed_verify_quality,public,tutorial,2026,2026-02-05T07:00:42,Hostinger VPS: How To Install Fail2Ban,fail2ban,https://mikemurphy.ai/tutorials/fail2ban/,283,1,407,ai,AI | Fail2Ban | Hostinger VPS | Tutorials,,,src/content/articles/2026/fail2ban.md,
protect,keep_indexed_verify_quality,public,tutorial,2026,2026-02-02T06:30:36,How To Install Claude Code on Hostinger VPS,claudecodehostingervps,https://mikemurphy.ai/tutorials/claudecodehostingervps/,287,1,370,ai,AI | Claude Code | Hostinger VPS | Tutorials,,,src/content/articles/2026/claudecodehostingervps.md,
protect,keep_indexed_verify_quality,public,tutorial,2026,2026-01-30T22:14:53,How To Migrate Claude Code From npm to Native Installer,claudecodemigration,https://mikemurphy.ai/tutorials/claudecodemigration/,289,1,388,ai,AI | Claude Code | Tutorials,,,src/content/articles/2026/claudecodemigration.md,
protect,keep_indexed_verify_quality,public,tutorial,2026,2026-01-29T07:32:35,Create MacOS Terminal Alias Shortcuts for Obsidian Vaults,termnalaliases,https://mikemurphy.ai/tutorials/termnalaliases/,365,1,448,ai,AI | MacOS Terminal | Tutorials,,,src/content/articles/2026/termnalaliases.md,
protect,keep_indexed_verify_quality,public,tutorial,2026,2026-01-26T07:48:10,How To Get Anthropic API Keys To use Claude AI in n8n,anthropicapi,https://mikemurphy.ai/tutorials/anthropicapi/,311,1,415,ai,AI | API | Automation | Claude Code | n8n | Tutorials,,,src/content/articles/2026/anthropicapi.md,
protect,keep_indexed_verify_quality,public,tutorial,2026,2026-01-22T06:45:11,How To Get Started Using Claude Cowork,claudecowork,https://mikemurphy.ai/tutorials/claudecowork/,268,1,376,ai,AI | Claude Desktop | Tutorials,,,src/content/articles/2026/claudecowork.md,
protect,keep_indexed_verify_quality,public,tutorial,2026,2026-01-19T06:00:47,Claude Code: How To Add Trusted Directories,claudetrust,https://mikemurphy.ai/tutorials/claudetrust/,245,1,349,ai,AI | Claude Code | Tutorials,,,src/content/articles/2026/claudetrust.md,
protect,keep_indexed_verify_quality,public,tutorial,2026,2026-01-13T06:45:07,How To Use Claude Code For Docker Management on Hostinger VPS,claudecodedocker,https://mikemurphy.ai/tutorials/claudecodedocker/,344,1,453,ai,AI | Claude Code | Docker | Hostinger VPS | Tutorials,,,src/content/articles/2026/claudecodedocker.md,
protect,keep_indexed_verify_quality,public,tutorial,2026,2026-01-06T06:45:48,Claude Code: Install Uptime Kuma on Hostinger VPS,uptimekuma,https://mikemurphy.ai/tutorials/uptimekuma/,412,1,515,ai,AI | Claude Code | Docker | Hostinger VPS | Tutorials,,,src/content/articles/2026/uptimekuma.md,
protect,keep_indexed_verify_quality,public,tutorial,2026,2026-01-01T06:45:15,How to Connect Claude Code to a Hostinger VPS via SSH,claudecodevps,https://mikemurphy.ai/tutorials/claudecodevps/,417,1,469,ai,AI | Claude Code | Hostinger VPS | MacOS Terminal | Termius SSH | Tutorials,,,src/content/articles/2026/claudecodevps.md,
protect,keep_indexed_verify_quality,public,tutorial,2025,2025-12-30T06:45:05,Hostinger VPS: What the Heck Is Traefik ?,traefik,https://mikemurphy.ai/tutorials/traefik/,601,1,733,ai,AI | Hostinger VPS | n8n | Tutorials,,,src/content/articles/2025/traefik.md,
protect,keep_indexed_verify_quality,public,tutorial,2025,2025-12-23T06:45:02,How to Change n8n Version Numbers on Hostinger VPS,n8nversions,https://mikemurphy.ai/tutorials/n8nversions/,481,1,584,ai,AI | Hostinger VPS | n8n | Tutorials,,,src/content/articles/2025/n8nversions.md,
protect,keep_indexed_verify_quality,public,tutorial,2025,2025-12-17T06:45:24,Git & GitHub for Beginners: Turn Any Project Into a Repo Using VS Code,git,https://mikemurphy.ai/tutorials/git/,385,1,718,ai,AI | GitHub | Tutorials | VS Code,,,src/content/articles/2025/git.md,
protect,keep_indexed_verify_quality,public,article,2025,2025-12-16T06:14:42,25 Must-Know AI Terms,aifoundations,https://mikemurphy.ai/articles/aifoundations/,2253,0,2213,ai,AI | AI Foundations | Blog,,,src/content/articles/2025/aifoundations.md,
protect,keep_indexed_verify_quality,public,tutorial,2025,2025-12-10T07:00:18,How to Connect Custom Domains to Hostinger VPS and Create Subdomains for n8n,customdomains,https://mikemurphy.ai/tutorials/customdomains/,383,1,735,ai,Hostinger VPS | n8n | Tutorials,,,src/content/articles/2025/customdomains.md,
protect,keep_indexed_verify_quality,public,tutorial,2025,2025-12-05T07:00:51,Hostinger VPS for n8n: The Ultimate Setup Guide,vpsn8n-2,https://mikemurphy.ai/tutorials/vpsn8n-2/,485,1,595,ai,AI | Automation | Docker | Hostinger VPS | n8n | Tutorials,,,src/content/articles/2025/vpsn8n-2.md,
protect,keep_indexed_verify_quality,public,tutorial,2025,2025-11-25T07:15:14,How To Open VS Code From Terminal with Code Dot,codedot,https://mikemurphy.ai/tutorials/codedot/,234,1,355,ai,AI | Tutorials | VS Code,,,src/content/articles/2025/codedot.md,
protect,keep_indexed_verify_quality,public,tutorial,2025,2025-11-19T07:15:10,How To Create a Slack App for n8n Workflows,slackapp,https://mikemurphy.ai/tutorials/slackapp/,1587,1,0,ai,AI | Hostinger VPS | n8n | Slack | Tutorials,,,src/content/articles/2025/slackapp.md,
protect,keep_indexed_verify_quality,public,tutorial,2025,2025-11-12T07:30:21,Hostinger VPS: How To Generate & Add SSH Keys & Connect Remotely Using Termius,sshkeys,https://mikemurphy.ai/tutorials/sshkeys/,640,1,747,ai,AI | Hostinger VPS | Termius SSH | Tutorials,,,src/content/articles/2025/sshkeys.md,
protect,keep_indexed_verify_quality,public,tutorial,2025,2025-11-07T07:00:57,How To Install Claude Code Extension in VS Code,claudecodeextension,https://mikemurphy.ai/tutorials/claudecodeextension/,213,1,336,ai,AI | Claude Code | Tutorials | VS Code,,,src/content/articles/2025/claudecodeextension.md,
protect,keep_indexed_verify_quality,public,tutorial,2025,2025-11-05T07:12:02,How To Set Up Google Credentials For N8n in Under 5 Minutes,googlen8ncreds,https://mikemurphy.ai/tutorials/googlen8ncreds/,141,1,281,ai,AI | Automation | Google Cloud | n8n | Tutorials,,,src/content/articles/2025/googlen8ncreds.md,
protect,keep_indexed_verify_quality,public,tutorial,2025,2025-11-04T06:00:11,Set Up Google Credentials for n8n in Google Cloud,googlecredentials,https://mikemurphy.ai/tutorials/googlecredentials/,614,1,693,ai,AI | Automation | Google Cloud | Hostinger VPS | n8n | Tutorials,,,src/content/articles/2025/googlecredentials.md,
protect,keep_indexed_verify_quality,public,tutorial,2025,2025-11-01T11:45:33,Free AI for n8n: How To Connect Ollama to n8n Workflows – No API Costs! (Part 2),ollaman8n-2,https://mikemurphy.ai/tutorials/ollaman8n-2/,519,1,672,ai,AI | Automation | Docker | Hostinger VPS | n8n | Ollama | Tutorials,,,src/content/articles/2025/ollaman8n-2.md,
protect,keep_indexed_verify_quality,public,tutorial,2025,2025-10-30T06:00:48,How To Install Ollama on Hostinger VPS: Free AI Models for n8n (No API Costs),ollamavps,https://mikemurphy.ai/tutorials/ollamavps/,553,1,674,ai,AI | Automation | Docker | Hostinger VPS | n8n | Ollama | Tutorials,,,src/content/articles/2025/ollamavps.md,
protect,keep_indexed_verify_quality,public,tutorial,2025,2025-10-22T08:30:17,How To Enable pgvector on Neon Postgres for RAG,pgvector,https://mikemurphy.ai/tutorials/pgvector/,537,1,629,ai,AI | Neon | RAG | Tutorials,,,src/content/articles/2025/pgvector.md,
protect,keep_indexed_verify_quality,public,tutorial,2025,2025-10-20T07:45:17,How to Secure Your Hostinger VPS with Firewall Rules (n8n Protection),vpsfirewall,https://mikemurphy.ai/tutorials/vpsfirewall/,544,1,666,ai,AI | Hostinger VPS | n8n | Tutorials,,,src/content/articles/2025/vpsfirewall.md,
protect,keep_indexed_verify_quality,public,tutorial,2025,2025-10-16T08:30:17,How To Update Hostinger VPS Packages (Ubuntu OS),updatevps,https://mikemurphy.ai/tutorials/updatevps/,269,1,383,ai,AI | Automation | Hostinger VPS | n8n | Tutorials,,,src/content/articles/2025/updatevps.md,
protect,keep_indexed_verify_quality,public,tutorial,2025,2025-10-14T08:15:52,How to Install Google Gemini CLI in MacOS Terminal,geminicli,https://mikemurphy.ai/tutorials/geminicli/,399,1,502,ai,AI | Gemini CLI | Google Gemini | Tutorials,,,src/content/articles/2025/geminicli.md,
protect,keep_indexed_verify_quality,public,tutorial,2025,2025-10-10T09:00:35,Import a Claude Desktop MCP Server into Claude Code,claudecodemcp,https://mikemurphy.ai/tutorials/claudecodemcp/,411,1,548,ai,AI | Automation | Claude Code | Claude Desktop | n8n | Tutorials,,,src/content/articles/2025/claudecodemcp.md,
protect,keep_indexed_verify_quality,public,tutorial,2025,2025-10-07T06:00:38,How to Install N8N-MCP Server in Claude Desktop,n8nmcp,https://mikemurphy.ai/tutorials/n8nmcp/,581,1,792,ai,AI | Claude Desktop | n8n | Tutorials,,,src/content/articles/2025/n8nmcp.md,
protect,keep_indexed_verify_quality,public,tutorial,2025,2025-10-01T06:00:12,How to Create A PostgreSQL on Neon_A Step by Step Tutorial for Beginners,neondb,https://mikemurphy.ai/tutorials/neondb/,340,1,436,ai,Neon | Tutorials,,database | embeddings | postgresql,src/content/articles/2025/neondb.md,
protect,keep_indexed_verify_quality,public,tutorial,2025,2025-09-29T06:00:19,How To Safely Update n8n on Hostinger VPS (Without Losing Your Workflows),n8nsafeupdates,https://mikemurphy.ai/tutorials/n8nsafeupdates/,438,1,551,ai,AI | Docker | Hostinger VPS | n8n | Tutorials,,,src/content/articles/2025/n8nsafeupdates.md,
protect,keep_indexed_verify_quality,public,podcast,2025,2025-09-26T06:00:32,The 10-Year Anniversary Show + AI Pivot,ep162,https://mikemurphy.ai/podcast/ep162/,647,0,475,ai,AI | Episodes | Podcasting,,,src/content/articles/2025/ep162.md,
protect,keep_indexed_verify_quality,public,tutorial,2025,2025-09-23T06:00:29,Google Gemini: How To Create API Keys & Save N8N Credentials,geminiapi,https://mikemurphy.ai/tutorials/geminiapi/,370,1,488,ai,AI | API | Google Gemini | Tutorials,,,src/content/articles/2025/geminiapi.md,
protect,keep_indexed_verify_quality,public,tutorial,2025,2025-09-18T06:00:24,How to Create a CLAUDE.md File in Claude Code,claudemd,https://mikemurphy.ai/tutorials/claudemd/,400,1,535,ai,AI | Claude Code | Tutorials,,anthropic,src/content/articles/2025/claudemd.md,
protect,keep_indexed_verify_quality,public,tutorial,2025,2025-09-10T06:00:48,Connect a Telegram Bot to n8n for Notifications,telegram,https://mikemurphy.ai/tutorials/telegram/,410,1,542,ai,AI | Automation | n8n | Telegram | Tutorials,,n8n | telegram,src/content/articles/2025/telegram.md,
protect,keep_indexed_verify_quality,public,tutorial,2025,2025-09-04T06:00:02,Beginner’s Guide: How to Test OpenAI API Keys in Postman,postman,https://mikemurphy.ai/tutorials/postman/,404,1,557,ai,AI | API | Postman | Tutorials,,,src/content/articles/2025/postman.md,
protect,keep_indexed_verify_quality,public,tutorial,2025,2025-09-02T07:08:19,How To Update Diffusion Bee Using GitHub,diffusionbee,https://mikemurphy.ai/tutorials/diffusionbee/,299,1,428,ai,AI | RAG | Tutorials,,DiffusionBee,src/content/articles/2025/diffusionbee.md,
protect,keep_indexed_verify_quality,public,tutorial,2025,2025-08-28T06:00:10,How I Built a RAG System to Mine My AI Chat History for Gold,rag,https://mikemurphy.ai/tutorials/rag/,535,1,0,ai,AI | Ollama | Python | RAG | Tutorials,,,src/content/articles/2025/rag.md,
protect,keep_indexed_verify_quality,public,tutorial,2025,2025-08-21T06:00:14,How To Update Self-Hosted N8N at Hostinger VPS,updaten8n,https://mikemurphy.ai/tutorials/updaten8n/,263,1,401,ai,AI | Automation | Hostinger VPS | n8n | Tutorials,,,src/content/articles/2025/updaten8n.md,
protect,keep_indexed_verify_quality,public,tutorial,2025,2025-08-20T06:00:12,How To Install Claude Code On Mac,claudecode,https://mikemurphy.ai/tutorials/claudecode/,647,1,727,ai,AI | Tutorials,,,src/content/articles/2025/claudecode.md,
protect,keep_indexed_verify_quality,public,tutorial,2025,2025-08-15T06:00:13,OpenAI: How To Generate API Keys,openaiapi,https://mikemurphy.ai/tutorials/openaiapi/,325,1,459,ai,AI | API | Chat GPT | OpenAI | Tutorials,,,src/content/articles/2025/openaiapi.md,
protect,keep_indexed_verify_quality,public,tutorial,2025,2025-08-13T06:00:25,ElevenMusic Tutorial: How To Create Songs from Text Prompts,elevenmusic,https://mikemurphy.ai/tutorials/elevenmusic/,282,1,407,ai,AI | Eleven Labs | Tutorials,,,src/content/articles/2025/elevenmusic.md,
protect,keep_indexed_verify_quality,public,tutorial,2025,2025-08-06T06:00:37,Ollama Desktop App: Create a Free & Private AI Chat Assistant on Your Computer,ollama,https://mikemurphy.ai/tutorials/ollama/,343,1,473,ai,AI | Ollama | Tutorials,,,src/content/articles/2025/ollama.md,
protect,keep_indexed_verify_quality,public,tutorial,2025,2025-07-31T06:00:08,AI Foundation #03: Machine Learning (ML) 📚,aif03,https://mikemurphy.ai/tutorials/aif03/,124,1,261,ai,AI | AI Foundations | Tutorials,,,src/content/articles/2025/aif03.md,
protect,keep_indexed_verify_quality,public,tutorial,2025,2025-07-30T06:00:13,How To Set Up A Virtual Private Server (VPS) + Free N8N!,vpsn8n,https://mikemurphy.ai/tutorials/vpsn8n/,229,1,380,ai,AI | Automation | Tutorials,,,src/content/articles/2025/vpsn8n.md,
protect,keep_indexed_verify_quality,public,tutorial,2025,2025-07-29T06:18:23,AI Foundations 02: Machine Learning (ML) 📚,aif02,https://mikemurphy.ai/tutorials/aif02/,123,1,283,ai,AI | AI Foundations | Tutorials,,,src/content/articles/2025/aif02.md,
protect,keep_indexed_verify_quality,public,tutorial,2025,2025-07-23T06:00:33,AI Foundations 01: Artificial Intelligence (AI) 🧠,aif01,https://mikemurphy.ai/tutorials/aif01/,153,1,285,ai,AI | AI Foundations | Tutorials,,,src/content/articles/2025/aif01.md,
protect,keep_indexed_verify_quality,public,tutorial,2025,2025-07-16T06:00:37,Replicate: Generating LoRa YouTube Thumbnails,lorathumbnails,https://mikemurphy.ai/tutorials/lorathumbnails/,179,1,314,ai,AI | Replicate | Tutorials,,,src/content/articles/2025/lorathumbnails.md,
protect,keep_indexed_verify_quality,public,tutorial,2025,2025-07-09T06:00:17,How To Train a LoRa on Replicate,trainlora,https://mikemurphy.ai/tutorials/trainlora/,213,1,351,ai,AI | Replicate | Tutorials,,,src/content/articles/2025/trainlora.md,
protect,keep_indexed_verify_quality,public,tutorial,2025,2025-07-02T06:00:27,How I Use a Custom GPT to Write My Weekly Newsletter,customgptnewsletter,https://mikemurphy.ai/tutorials/customgptnewsletter/,410,1,557,ai,AI | Chat GPT | Tutorials,,,src/content/articles/2025/customgptnewsletter.md,
protect,keep_indexed_verify_quality,public,article,2025,2025-06-28T13:26:27,After Effects User Guide (Course),aeug,https://mikemurphy.ai/articles/aeug/,432,0,842,ai,Courses | Adobe After Effects | Blog,,,src/content/articles/2025/aeug.md,
protect,keep_indexed_verify_quality,public,tutorial,2025,2025-06-25T06:00:41,How To Animate ANY Image in MidJourney (Even Line Art!),midjourneyanimation,https://mikemurphy.ai/tutorials/midjourneyanimation/,311,1,430,ai,AI | MidJourney | Tutorials,,,src/content/articles/2025/midjourneyanimation.md,
protect,keep_indexed_verify_quality,public,tutorial,2025,2025-06-18T06:00:25,How To Create AI Music Videos Using Neural Frames AutoPilot,autopilot,https://mikemurphy.ai/tutorials/autopilot/,356,1,468,ai,AI | Neural Frames | Sora | Tutorials,,,src/content/articles/2025/autopilot.md,
protect,keep_indexed_verify_quality,public,tutorial,2025,2025-06-11T06:00:23,ElevenLabs AI: How to Use Text To Sound Effects,texttosoundeffects,https://mikemurphy.ai/tutorials/texttosoundeffects/,224,1,346,ai,AI | Eleven Labs | Tutorials,,,src/content/articles/2025/texttosoundeffects.md,
protect,keep_indexed_verify_quality,public,tutorial,2025,2025-06-04T06:00:38,Eleven Labs: How To Clone Your Voice Using AI,voiceclone,https://mikemurphy.ai/tutorials/voiceclone/,322,1,448,ai,AI | Eleven Labs | Tutorials,,,src/content/articles/2025/voiceclone.md,
protect,keep_indexed_verify_quality,public,tutorial,2025,2025-05-28T06:30:01,How I Made a Viral Baby Podcast Video Using AI (Feat. Jerry Garcia & Hedra),babymikepodcast,https://mikemurphy.ai/tutorials/babymikepodcast/,554,1,730,ai,Adobe Podcast | AI | Chat GPT | Eleven Labs | Hedra | Sora | Tutorials,,,src/content/articles/2025/babymikepodcast.md,
protect,keep_indexed_verify_quality,public,tutorial,2025,2025-05-21T06:00:53,Adobe Podcasts: How To Create Audiograms,audiograms,https://mikemurphy.ai/tutorials/audiograms/,356,1,469,ai,Adobe After Effects | Adobe Podcast | Tutorials,,,src/content/articles/2025/audiograms.md,
protect,keep_indexed_verify_quality,public,tutorial,2025,2025-05-14T06:30:32,How To Animate PNG Stickers & Export With Transparency in After Effects,animatestickers,https://mikemurphy.ai/tutorials/animatestickers/,465,1,598,ai,Adobe After Effects | AI | Tutorials,,,src/content/articles/2025/animatestickers.md,
protect,keep_indexed_verify_quality,public,tutorial,2025,2025-05-07T06:00:54,AI Build 109: The AI Sticker Pack Vol. 2 (Custom GPTs),build109,https://mikemurphy.ai/tutorials/build109/,523,1,722,ai,Adobe | Adobe After Effects | Chat GPT | Tutorials,,,src/content/articles/2025/build109.md,
protect,keep_indexed_verify_quality,public,tutorial,2025,2025-04-30T06:00:43,AI Build 108: The AI Sticker Pack (Built with Chat GPT),build108,https://mikemurphy.ai/tutorials/build108/,472,1,652,ai,Adobe | Adobe After Effects | Chat GPT | Tutorials,,,src/content/articles/2025/build108.md,
protect,keep_indexed_verify_quality,public,tutorial,2025,2025-04-24T06:30:17,How To Install & Use Stop-Motion Animated Texture Rig (AI Build 107),textureriginstall,https://mikemurphy.ai/tutorials/textureriginstall/,492,1,596,ai,Adobe | Adobe After Effects | Cursor | Tutorials,,,src/content/articles/2025/textureriginstall.md,
protect,keep_indexed_verify_quality,public,tutorial,2025,2025-04-23T06:30:15,AI Build 107: Texture Animation Rig for After Effects (Built with Cursor AI),texturerig,https://mikemurphy.ai/tutorials/texturerig/,530,1,647,ai,Adobe After Effects | AI | Cursor | Tutorials,,,src/content/articles/2025/texturerig.md,
protect,keep_indexed_verify_quality,public,tutorial,2025,2025-04-19T06:00:39,AI Build: How To Make a Digital Product from Idea To Shipping,build106,https://mikemurphy.ai/tutorials/build106/,398,1,762,ai,Adobe After Effects | AI | Cursor | Tutorials,,,src/content/articles/2025/build106.md,
protect,keep_indexed_verify_quality,public,tutorial,2025,2025-04-17T06:00:46,After Effects Wiggle Panel: Add 12 Effect Buttons Using Cursor AI,addeffectstowigglebutton,https://mikemurphy.ai/tutorials/addeffectstowigglebutton/,764,1,782,ai,Adobe After Effects | AI | Cursor | Tutorials,,,src/content/articles/2025/addeffectstowigglebutton.md,
protect,keep_indexed_verify_quality,public,tutorial,2025,2025-04-15T06:00:38,How To Reopen After Effects Wiggle Panel Project using Cursor AI Code Editor,loopingwigglepanel,https://mikemurphy.ai/tutorials/loopingwigglepanel/,545,1,868,ai,Adobe After Effects | AI | Cursor | Tutorials,,,src/content/articles/2025/loopingwigglepanel.md,
protect,keep_indexed_verify_quality,public,tutorial,2025,2025-04-08T06:30:13,How To Use Cursor AI to Build a Wiggle Panel in Adobe After Effects,cursorwiggle,https://mikemurphy.ai/tutorials/cursorwiggle/,2077,1,1936,ai,Adobe After Effects | AI | Cursor | Tutorials,,,src/content/articles/2025/cursorwiggle.md,
protect,keep_indexed_verify_quality,public,tutorial,2025,2025-03-26T06:30:18,How To Create Stop Motion Paper Rip Transition in After Effects,paperunfoldtransition,https://mikemurphy.ai/tutorials/paperunfoldtransition/,578,1,664,ai,Adobe After Effects | Tutorials,,,src/content/articles/2025/paperunfoldtransition.md,
protect,keep_indexed_verify_quality,public,tutorial,2025,2025-03-19T06:30:39,How To Use Audio & Effects in After Effects,aeaudioeffects,https://mikemurphy.ai/tutorials/aeaudioeffects/,589,1,649,ai,Adobe After Effects | Tutorials,,,src/content/articles/2025/aeaudioeffects.md,
protect,keep_indexed_verify_quality,public,tutorial,2025,2025-03-12T06:30:58,How To Create Dynamic Links Between Adobe Premiere Pro and After Effects,dynamiclinkspremiere,https://mikemurphy.ai/tutorials/dynamiclinkspremiere/,386,1,485,ai,Adobe After Effects | Tutorials,,,src/content/articles/2025/dynamiclinkspremiere.md,
protect,keep_indexed_verify_quality,public,tutorial,2025,2025-03-05T06:30:03,Dynamic Link Between Character Animator + After Effects,dynamiclink,https://mikemurphy.ai/tutorials/dynamiclink/,276,1,397,ai,Adobe After Effects | Tutorials,,,src/content/articles/2025/dynamiclink.md,
protect,keep_indexed_verify_quality,public,tutorial,2025,2025-02-26T06:30:33,How To Use seedRandom Expression in After Effects,seedrandom,https://mikemurphy.ai/tutorials/seedrandom/,422,1,539,ai,Adobe After Effects | Tutorials,,,src/content/articles/2025/seedrandom.md,
protect,keep_indexed_verify_quality,public,tutorial,2025,2025-02-19T06:30:58,Epidemic Sound Plugin For After Effects,epidemicsoundplugin,https://mikemurphy.ai/tutorials/epidemicsoundplugin/,270,1,399,ai,Adobe After Effects | Tutorials,,,src/content/articles/2025/epidemicsoundplugin.md,
protect,keep_indexed_verify_quality,public,tutorial,2025,2025-02-12T06:30:38,Luma Mattes in Photoshop + After Effects,lumamattes,https://mikemurphy.ai/tutorials/lumamattes/,511,1,579,ai,Adobe After Effects | Tutorials,,,src/content/articles/2025/lumamattes.md,
protect,keep_indexed_verify_quality,public,tutorial,2025,2025-02-05T06:30:42,How To Use Text Animators in After Effects,textanimators,https://mikemurphy.ai/tutorials/textanimators/,517,1,607,ai,Adobe After Effects | Tutorials,,,src/content/articles/2025/textanimators.md,
protect,keep_indexed_verify_quality,public,tutorial,2025,2025-01-29T06:30:52,Print Frames For Mixed Media in After Effects,printframes,https://mikemurphy.ai/tutorials/printframes/,441,1,527,ai,Adobe After Effects | Tutorials,,,src/content/articles/2025/printframes.md,
protect,keep_indexed_verify_quality,public,tutorial,2025,2025-01-22T06:30:47,Loop Out Expression + Keyframe Control in After Effects,loopoutkeyframecontrol,https://mikemurphy.ai/tutorials/loopoutkeyframecontrol/,268,1,395,ai,Adobe After Effects | Tutorials,,,src/content/articles/2025/loopoutkeyframecontrol.md,
protect,keep_indexed_verify_quality,public,tutorial,2025,2025-01-15T06:30:12,Line Boil Animation Using Turbulent Noise & Displacement Map in After Effects,lineboilturbulentnoise,https://mikemurphy.ai/tutorials/lineboilturbulentnoise/,324,1,437,ai,Adobe After Effects | Tutorials,,,src/content/articles/2025/lineboilturbulentnoise.md,
protect,keep_indexed_verify_quality,public,tutorial,2025,2025-01-14T06:30:37,How To Stop Annoying Amazon Keyboard Popup on A Mac,amazonkeyboardpopup,https://mikemurphy.ai/tutorials/amazonkeyboardpopup/,283,1,514,ai,Amazon | Macs & iOS | Tutorials,,,src/content/articles/2025/amazonkeyboardpopup.md,
protect,keep_indexed_verify_quality,public,tutorial,2025,2025-01-08T06:30:22,How To Create Animated Dust & Specks From Paper Textures in After Effects + Photoshop,dustandspecks,https://mikemurphy.ai/tutorials/dustandspecks/,528,1,616,ai,Adobe After Effects | Tutorials,,,src/content/articles/2025/dustandspecks.md,
protect,keep_indexed_verify_quality,public,tutorial,2025,2025-01-01T06:30:03,Looping Sky & Clouds Background Animation in After Effects,loopingsky,https://mikemurphy.ai/tutorials/loopingsky/,449,1,550,ai,Adobe After Effects | Tutorials,,,src/content/articles/2025/loopingsky.md,
protect,keep_indexed_verify_quality,public,tutorial,2024,2024-12-25T06:30:53,Dropdown Menu Expression Control in After Effects,dropdownmenu,https://mikemurphy.ai/tutorials/dropdownmenu/,690,1,772,legacy,Adobe After Effects | Tutorials,,,src/content/articles/2024/dropdownmenu.md,
protect,keep_indexed_verify_quality,public,tutorial,2024,2024-12-18T06:30:53,How to Use Displacement Map Effect in After Effects,displacementmaps,https://mikemurphy.ai/tutorials/displacementmaps/,281,1,399,legacy,Adobe After Effects | Tutorials,,,src/content/articles/2024/displacementmaps.md,
protect,keep_indexed_verify_quality,public,tutorial,2024,2024-12-11T06:30:38,How to Prepare & Animate Amazon Textures in Photoshop & After Effects,amazontextures,https://mikemurphy.ai/tutorials/amazontextures/,629,1,677,legacy,Adobe After Effects | Tutorials,,,src/content/articles/2024/amazontextures.md,
protect,keep_indexed_verify_quality,public,tutorial,2024,2024-12-04T06:30:46,How To Animate Crumpled Paper Textures in After Effects,papertextures,https://mikemurphy.ai/tutorials/papertextures/,557,1,621,legacy,Adobe After Effects | Tutorials,,,src/content/articles/2024/papertextures.md,
protect,keep_indexed_verify_quality,public,tutorial,2024,2024-11-27T06:30:13,Shape Layer Types in After Effects,shapelayers,https://mikemurphy.ai/tutorials/shapelayers/,419,1,487,legacy,Adobe After Effects | Tutorials,,,src/content/articles/2024/shapelayers.md,
protect,keep_indexed_verify_quality,public,tutorial,2024,2024-11-20T06:30:08,How To Animate Anchor Point Property in After Effects,anchorpointproperty,https://mikemurphy.ai/tutorials/anchorpointproperty/,313,1,410,legacy,Adobe After Effects | Tutorials,,,src/content/articles/2024/anchorpointproperty.md,
protect,keep_indexed_verify_quality,public,tutorial,2024,2024-11-13T06:30:44,How To Use Audio Spectrum Effect in After Effects,audiospectrumeffect,https://mikemurphy.ai/tutorials/audiospectrumeffect/,317,1,409,legacy,Adobe After Effects | Tutorials,,,src/content/articles/2024/audiospectrumeffect.md,
protect,keep_indexed_verify_quality,public,tutorial,2024,2024-10-30T06:30:49,How To Scale Shape Layers Strokes in After Effects,scalestrokes,https://mikemurphy.ai/tutorials/scalestrokes/,402,1,472,legacy,Adobe After Effects | Tutorials,,,src/content/articles/2024/scalestrokes.md,
protect,keep_indexed_verify_quality,public,tutorial,2024,2024-10-23T06:30:15,How To Create Mixed Media Style Animation in After Effects,mixedmediaae,https://mikemurphy.ai/tutorials/mixedmediaae/,594,1,651,legacy,Adobe After Effects | Tutorials,,,src/content/articles/2024/mixedmediaae.md,
protect,keep_indexed_verify_quality,public,tutorial,2024,2024-10-17T06:30:30,Hidden Type Tool Menu in After Effects,typetoolae,https://mikemurphy.ai/tutorials/typetoolae/,306,1,397,legacy,Adobe After Effects | Tutorials,,,src/content/articles/2024/typetoolae.md,
protect,keep_indexed_verify_quality,public,tutorial,2024,2024-10-09T06:30:37,How To Add Motion Blur in After Effects,motionblurae,https://mikemurphy.ai/tutorials/motionblurae/,270,1,604,legacy,Adobe After Effects | Tutorials,,,src/content/articles/2024/motionblurae.md,
protect,keep_indexed_verify_quality,public,tutorial,2024,2024-10-02T06:30:06,How To Use Grid Effect To Create Floors in After Effects,gridfloors,https://mikemurphy.ai/tutorials/gridfloors/,302,1,626,legacy,Adobe After Effects | Tutorials,,,src/content/articles/2024/gridfloors.md,
protect,keep_indexed_verify_quality,public,tutorial,2024,2024-09-25T06:30:57,How to Combine Multiple After Effects Projects into One Master File,combineprojectfiles,https://mikemurphy.ai/tutorials/combineprojectfiles/,253,1,367,legacy,Adobe After Effects | Tutorials,,,src/content/articles/2024/combineprojectfiles.md,
protect,keep_indexed_verify_quality,public,tutorial,2024,2024-09-18T06:30:17,How To Add Audio Effects & Sound Presets in After,audioeffectsae,https://mikemurphy.ai/tutorials/audioeffectsae/,456,1,533,legacy,Adobe After Effects | Tutorials,,,src/content/articles/2024/audioeffectsae.md,
protect,keep_indexed_verify_quality,public,tutorial,2024,2024-09-11T06:30:14,How To Edit Audio from After Effects in Audition,editinaudition,https://mikemurphy.ai/tutorials/editinaudition/,654,1,733,legacy,Adobe After Effects | Tutorials,,,src/content/articles/2024/editinaudition.md,
protect,keep_indexed_verify_quality,public,tutorial,2024,2024-08-28T06:30:47,How To Use Set Matte Effect + Textures in After Effects,setmatte,https://mikemurphy.ai/tutorials/setmatte/,335,1,440,legacy,Adobe After Effects | Tutorials,,,src/content/articles/2024/setmatte.md,
protect,keep_indexed_verify_quality,public,tutorial,2024,2024-08-21T06:30:43,How To Use Pick Whips in After Effects,pickwhips,https://mikemurphy.ai/tutorials/pickwhips/,501,1,574,legacy,Adobe After Effects | Tutorials,,,src/content/articles/2024/pickwhips.md,
protect,keep_indexed_verify_quality,public,tutorial,2024,2024-08-14T06:30:41,Frame Animated Texture in Photoshop To After Effects,frameanimatedtextures,https://mikemurphy.ai/tutorials/frameanimatedtextures/,320,1,402,legacy,Adobe After Effects | Photoshop | Tutorials,,,src/content/articles/2024/frameanimatedtextures.md,
protect,keep_indexed_verify_quality,public,tutorial,2024,2024-07-24T06:30:31,How To Render Work Area Only in After Effects,renderworkarea,https://mikemurphy.ai/tutorials/renderworkarea/,434,1,520,legacy,Adobe After Effects | Tutorials,,,src/content/articles/2024/renderworkarea.md,
protect,keep_indexed_verify_quality,public,tutorial,2024,2024-07-10T06:30:46,How To Add Expression Comments in After Effects,expressioncomments,https://mikemurphy.ai/tutorials/expressioncomments/,473,1,557,legacy,Adobe After Effects | Tutorials,,,src/content/articles/2024/expressioncomments.md,
protect,keep_indexed_verify_quality,public,tutorial,2024,2024-07-03T06:30:18,How To ‘Show Post-Expression Graph’ in Adobe After Effects,showpostexpression,https://mikemurphy.ai/tutorials/showpostexpression/,234,1,358,legacy,Adobe After Effects | Tutorials,,,src/content/articles/2024/showpostexpression.md,
protect,keep_indexed_verify_quality,public,tutorial,2024,2024-06-26T06:30:03,How To Create Auto-Resize Text Boxes in After Effects (sourceRectAtTime),sourcerectattime,https://mikemurphy.ai/tutorials/sourcerectattime/,289,1,396,legacy,Adobe | Tutorials,,,src/content/articles/2024/sourcerectattime.md,
protect,keep_indexed_verify_quality,public,tutorial,2024,2024-06-20T06:30:23,How To Add valueAtTime Expression (Position) in After Effects,vatposition,https://mikemurphy.ai/tutorials/vatposition/,351,1,458,legacy,Adobe After Effects | Tutorials,,,src/content/articles/2024/vatposition.md,
protect,keep_indexed_verify_quality,public,tutorial,2024,2024-06-18T06:30:36,valueAtTime Expression (Rotation) in After Effects,vatrotation,https://mikemurphy.ai/tutorials/vatrotation/,333,1,432,legacy,Adobe After Effects | Tutorials,,,src/content/articles/2024/vatrotation.md,
protect,keep_indexed_verify_quality,public,tutorial,2024,2024-06-12T06:30:44,How To Add Layer Styles To Track Mattes In After Effects,layerstylestrackmattes,https://mikemurphy.ai/tutorials/layerstylestrackmattes/,287,1,433,legacy,Adobe After Effects | Tutorials,,,src/content/articles/2024/layerstylestrackmattes.md,
protect,keep_indexed_verify_quality,public,tutorial,2024,2024-06-04T06:30:31,How To PreCompose & Leave All Attributes In After Effects,leaveallattributes,https://mikemurphy.ai/tutorials/leaveallattributes/,329,1,433,legacy,Adobe After Effects | Tutorials,,,src/content/articles/2024/leaveallattributes.md,
protect,keep_indexed_verify_quality,public,tutorial,2024,2024-05-28T06:30:12,How To Save Frames As JPEGs in After Effects,saveframeasfile,https://mikemurphy.ai/tutorials/saveframeasfile/,312,1,407,legacy,Adobe After Effects | Tutorials,,,src/content/articles/2024/saveframeasfile.md,
protect,keep_indexed_verify_quality,public,tutorial,2024,2024-05-21T06:30:16,How To Choose Photoshop Layers To Import in After Effects,importonephotoshoplayer,https://mikemurphy.ai/tutorials/importonephotoshoplayer/,266,1,378,legacy,Adobe After Effects | Tutorials,,,src/content/articles/2024/importonephotoshoplayer.md,
protect,keep_indexed_verify_quality,public,tutorial,2024,2024-05-16T06:30:52,How To Use Inertial Bounce Expression in After Effects,inertialbounce,https://mikemurphy.ai/tutorials/inertialbounce/,499,1,575,legacy,Adobe After Effects | Tutorials,,,src/content/articles/2024/inertialbounce.md,
protect,keep_indexed_verify_quality,public,tutorial,2024,2024-05-14T06:30:47,How To Reverse Paste Keyframes in After Effects,reversepastekeyframes,https://mikemurphy.ai/tutorials/reversepastekeyframes/,300,1,426,legacy,Adobe After Effects | Tutorials,,,src/content/articles/2024/reversepastekeyframes.md,
protect,keep_indexed_verify_quality,public,tutorial,2024,2024-05-08T06:30:26,How To Create Video Groups in Photoshop,videogroups,https://mikemurphy.ai/tutorials/videogroups/,333,1,426,legacy,Adobe After Effects | Tutorials,,,src/content/articles/2024/videogroups.md,
protect,keep_indexed_verify_quality,public,tutorial,2024,2024-05-03T06:30:49,"How To Create Number Counters with Decimals, Symbols & Commas in After Effects",decimals,https://mikemurphy.ai/tutorials/decimals/,561,1,635,legacy,Adobe After Effects | Tutorials,,,src/content/articles/2024/decimals.md,
protect,keep_indexed_verify_quality,public,tutorial,2024,2024-04-30T06:30:40,How to Use loopIn Expression in After Effects,loopin,https://mikemurphy.ai/tutorials/loopin/,284,1,398,legacy,Adobe After Effects | Tutorials,,,src/content/articles/2024/loopin.md,
protect,keep_indexed_verify_quality,public,tutorial,2024,2024-04-25T06:30:44,How To Add Exponential Scale in After Effects,exponentialscale,https://mikemurphy.ai/tutorials/exponentialscale/,362,1,447,legacy,Adobe After Effects | Tutorials,,,src/content/articles/2024/exponentialscale.md,
protect,keep_indexed_verify_quality,public,tutorial,2024,2024-04-23T06:30:24,How To Use ValueAtTime Expression To Loop Mask & Shape Paths in After Effects,valueattime,https://mikemurphy.ai/tutorials/valueattime/,315,1,440,legacy,Adobe After Effects | Tutorials,,,src/content/articles/2024/valueattime.md,
protect,keep_indexed_verify_quality,public,tutorial,2024,2024-04-19T06:30:31,How To Export PNG Sequences in After Effects,pngsequences,https://mikemurphy.ai/tutorials/pngsequences/,412,1,506,legacy,Adobe After Effects | Tutorials,,,src/content/articles/2024/pngsequences.md,
protect,keep_indexed_verify_quality,public,tutorial,2024,2024-04-17T06:30:36,How To Create Seamless Fractal Noise Loops in After Effects,cycleevolution,https://mikemurphy.ai/tutorials/cycleevolution/,371,1,488,legacy,Adobe After Effects | Tutorials,,,src/content/articles/2024/cycleevolution.md,
protect,keep_indexed_verify_quality,public,tutorial,2024,2024-04-11T06:30:05,How To Create Shape Layer Masks in After Effects,toolcreatesmask,https://mikemurphy.ai/tutorials/toolcreatesmask/,346,1,458,legacy,Adobe After Effects | Tutorials,,,src/content/articles/2024/toolcreatesmask.md,
protect,keep_indexed_verify_quality,public,tutorial,2024,2024-04-09T06:30:07,How To Use CC Ball Action in After Effects,ccballaction,https://mikemurphy.ai/tutorials/ccballaction/,525,1,550,legacy,Adobe After Effects | Tutorials,,,src/content/articles/2024/ccballaction.md,
protect,keep_indexed_verify_quality,public,tutorial,2024,2024-04-05T06:30:52,How To Use CC Glass Effect in After Effects,ccglass,https://mikemurphy.ai/tutorials/ccglass/,468,1,528,legacy,Adobe After Effects | Tutorials,,,src/content/articles/2024/ccglass.md,
protect,keep_indexed_verify_quality,public,tutorial,2024,2024-04-03T06:30:50,How To Use CC Plastic Effect in After Effects,ccplastic,https://mikemurphy.ai/tutorials/ccplastic/,504,1,528,legacy,Adobe After Effects | Tutorials,,,src/content/articles/2024/ccplastic.md,
protect,keep_indexed_verify_quality,public,tutorial,2024,2024-03-28T06:30:10,How To Rove Across Time in After Effects,roveacrosstime,https://mikemurphy.ai/tutorials/roveacrosstime/,259,1,379,legacy,Adobe After Effects | Tutorials,,,src/content/articles/2024/roveacrosstime.md,
protect,keep_indexed_verify_quality,public,tutorial,2024,2024-03-19T06:30:36,How To Run Scale Composition Script in After Effects,scalecomp,https://mikemurphy.ai/tutorials/scalecomp/,285,1,421,legacy,Adobe After Effects | Tutorials,,,src/content/articles/2024/scalecomp.md,
protect,keep_indexed_verify_quality,public,tutorial,2024,2024-03-14T06:30:22,How To Find & Replace Source Text in After Effects,findandreplace,https://mikemurphy.ai/tutorials/findandreplace/,238,1,365,legacy,Adobe After Effects | Tutorials,,,src/content/articles/2024/findandreplace.md,
protect,keep_indexed_verify_quality,public,tutorial,2024,2024-03-07T06:30:39,How To Install Lottie Files Plugin For After Effects,lottiefiles,https://mikemurphy.ai/tutorials/lottiefiles/,459,1,564,legacy,Adobe After Effects | Tutorials,,,src/content/articles/2024/lottiefiles.md,
protect,keep_indexed_verify_quality,public,tutorial,2024,2024-03-05T06:30:17,How To Import SVG Files Into After Effects,importsvg,https://mikemurphy.ai/tutorials/importsvg/,540,1,619,legacy,Adobe After Effects | Tutorials,,,src/content/articles/2024/importsvg.md,
protect,keep_indexed_verify_quality,public,tutorial,2024,2024-02-29T06:30:00,How To Add Audio Spectrum Effect on Masks in After Effects,audiospectrummasks,https://mikemurphy.ai/tutorials/audiospectrummasks/,454,1,552,legacy,Adobe After Effects | Tutorials,,,src/content/articles/2024/audiospectrummasks.md,
protect,keep_indexed_verify_quality,public,tutorial,2024,2024-02-22T06:30:07,How To Use CC Jaws Effect in Adobe After Effects,ccjaws,https://mikemurphy.ai/tutorials/ccjaws/,374,1,477,legacy,Adobe After Effects | Tutorials,,,src/content/articles/2024/ccjaws.md,
protect,keep_indexed_verify_quality,public,tutorial,2024,2024-02-15T06:30:29,Create Backgrounds Using CC HexTile Effect in After Effects,cchextile,https://mikemurphy.ai/tutorials/cchextile/,339,1,438,legacy,Adobe After Effects | Tutorials,,,src/content/articles/2024/cchextile.md,
protect,keep_indexed_verify_quality,public,tutorial,2024,2024-02-13T06:30:12,Creating Psychedelic Backgrounds with CC Kaleida in After Effects,cckaleida,https://mikemurphy.ai/tutorials/cckaleida/,342,1,442,legacy,Adobe After Effects | Tutorials,,,src/content/articles/2024/cckaleida.md,
protect,keep_indexed_verify_quality,public,tutorial,2024,2024-02-08T06:30:27,How To Preserve Frame Rate & Resolution in After Effects,preserveframerate,https://mikemurphy.ai/tutorials/preserveframerate/,302,1,434,legacy,Adobe | Adobe After Effects | Tutorials,,,src/content/articles/2024/preserveframerate.md,
protect,keep_indexed_verify_quality,public,tutorial,2024,2024-02-06T06:30:47,How To Combine Multiple Masks in After Effects (Photoshop + Illustrator),combinemasks,https://mikemurphy.ai/tutorials/combinemasks/,573,1,635,legacy,Adobe After Effects | Tutorials,,,src/content/articles/2024/combinemasks.md,
protect,keep_indexed_verify_quality,public,tutorial,2024,2024-02-01T06:30:08,How To Animate Crumpled Paper Textures in After Effects,crumpledpaper,https://mikemurphy.ai/tutorials/crumpledpaper/,429,1,528,legacy,Adobe After Effects | Tutorials,,,src/content/articles/2024/crumpledpaper.md,
protect,keep_indexed_verify_quality,public,tutorial,2024,2024-01-30T00:30:50,Inside & Outside Shape Layer Strokes in After Effects,innerouterstrokes,https://mikemurphy.ai/tutorials/innerouterstrokes/,356,1,464,legacy,Adobe After Effects | Tutorials,,,src/content/articles/2024/innerouterstrokes.md,
protect,keep_indexed_verify_quality,public,tutorial,2024,2024-01-25T06:30:53,How To Change Composition Label Colors in After Effects,complabelcolor,https://mikemurphy.ai/tutorials/complabelcolor/,409,1,514,legacy,Adobe After Effects | Tutorials,,,src/content/articles/2024/complabelcolor.md,
protect,keep_indexed_verify_quality,public,tutorial,2024,2024-01-23T06:30:00,How To Resize Layer Dimensions in After Effects,layerdimensions,https://mikemurphy.ai/tutorials/layerdimensions/,213,1,327,legacy,Adobe After Effects | Tutorials,,,src/content/articles/2024/layerdimensions.md,
protect,keep_indexed_verify_quality,public,tutorial,2024,2024-01-18T06:30:11,How To Use Align Panel in After Effects,alignpanel,https://mikemurphy.ai/tutorials/alignpanel/,231,1,349,legacy,Adobe After Effects | Tutorials,,,src/content/articles/2024/alignpanel.md,
protect,keep_indexed_verify_quality,public,tutorial,2024,2024-01-16T06:30:41,Sketch Motion Puppet Pin Animations in After Effects,sketchmotion,https://mikemurphy.ai/tutorials/sketchmotion/,282,1,399,legacy,Adobe After Effects | Tutorials,,,src/content/articles/2024/sketchmotion.md,
protect,keep_indexed_verify_quality,public,tutorial,2024,2024-01-09T06:30:46,Faux Paper Crumple Using Puppet Pin Tool in After Effects,papercrumple,https://mikemurphy.ai/tutorials/papercrumple/,471,1,546,legacy,Adobe After Effects | Tutorials,,,src/content/articles/2024/papercrumple.md,
protect,keep_indexed_verify_quality,public,tutorial,2024,2024-01-04T06:30:10,How To Use Spin-Loop Animation Preset in After Effects,spinloop,https://mikemurphy.ai/tutorials/spinloop/,270,1,397,legacy,Adobe After Effects | Tutorials,,,src/content/articles/2024/spinloop.md,
protect,keep_indexed_verify_quality,public,tutorial,2024,2024-01-02T06:30:52,How To Use Tumble-In Animation Preset in After Effects,tumblein,https://mikemurphy.ai/tutorials/tumblein/,256,1,385,legacy,Adobe After Effects | Tutorials,,,src/content/articles/2024/tumblein.md,
protect,keep_indexed_verify_quality,public,article,2024,2024-01-01T06:30:34,Don't Forget to Update Your Webite Copyright Date,updatecopyright,https://mikemurphy.ai/articles/updatecopyright/,479,0,706,legacy,Blog | Tech & Productivity,,,src/content/articles/2024/updatecopyright.md,
protect,keep_indexed_verify_quality,public,tutorial,2023,2023-12-14T06:30:38,How to Use Rotation Tool (W) in After Effects,rotationtool,https://mikemurphy.ai/tutorials/rotationtool/,294,1,403,legacy,Adobe After Effects | Tutorials,,,src/content/articles/2023/rotationtool.md,
protect,keep_indexed_verify_quality,public,tutorial,2023,2023-12-12T06:30:57,How to Reopen Closed Paths in After Effects,reopenpaths,https://mikemurphy.ai/tutorials/reopenpaths/,360,1,437,legacy,Adobe After Effects | Tutorials,,,src/content/articles/2023/reopenpaths.md,
protect,keep_indexed_verify_quality,public,tutorial,2023,2023-12-05T06:30:18,How to Set Poster Frame in After Effects,posterframe,https://mikemurphy.ai/tutorials/posterframe/,395,1,486,legacy,Adobe After Effects | Tutorials,,,src/content/articles/2023/posterframe.md,
protect,keep_indexed_verify_quality,public,tutorial,2023,2023-11-30T06:30:40,How to Use LoopOut Offset Expression in After Effects,loopoutoffset,https://mikemurphy.ai/tutorials/loopoutoffset/,365,1,472,legacy,Adobe After Effects | Tutorials,,,src/content/articles/2023/loopoutoffset.md,
protect,keep_indexed_verify_quality,public,tutorial,2023,2023-11-28T06:30:45,How to Use LoopOut + Wiggle Expression in After Effects,loopoutwiggle,https://mikemurphy.ai/tutorials/loopoutwiggle/,208,1,327,legacy,Adobe After Effects | Tutorials,,,src/content/articles/2023/loopoutwiggle.md,
protect,keep_indexed_verify_quality,public,tutorial,2023,2023-11-23T06:30:43,How To Add PingPong Expression In After Effects,pingpong,https://mikemurphy.ai/tutorials/pingpong/,383,1,473,legacy,Adobe After Effects | Tutorials,,,src/content/articles/2023/pingpong.md,
protect,keep_indexed_verify_quality,public,tutorial,2023,2023-11-21T06:30:27,How To Duplicate PreComps In After Effects,duplicateprecomps,https://mikemurphy.ai/tutorials/duplicateprecomps/,237,1,355,legacy,Adobe After Effects | Tutorials,,,src/content/articles/2023/duplicateprecomps.md,
protect,keep_indexed_verify_quality,public,tutorial,2023,2023-11-16T00:30:26,How To Use Auto-Orient In After Effects,autoorient,https://mikemurphy.ai/tutorials/autoorient/,300,1,400,legacy,Adobe After Effects | Tutorials,,,src/content/articles/2023/autoorient.md,
protect,keep_indexed_verify_quality,public,tutorial,2023,2023-11-14T06:30:38,How To Use Gradient Ramp In After Effects,gradientramp,https://mikemurphy.ai/tutorials/gradientramp/,338,1,424,legacy,Adobe After Effects | Tutorials,,,src/content/articles/2023/gradientramp.md,
protect,keep_indexed_verify_quality,public,tutorial,2023,2023-10-17T06:30:55,How To Import Photoshop Animations In After Effects,importpstoae,https://mikemurphy.ai/tutorials/importpstoae/,429,1,504,legacy,Adobe After Effects | Photoshop | Tutorials,,,src/content/articles/2023/importpstoae.md,
protect,keep_indexed_verify_quality,public,tutorial,2023,2023-10-12T06:30:59,How To Fix Smart Object Error (Photoshop To After Effects),smartobjecterror,https://mikemurphy.ai/tutorials/smartobjecterror/,253,1,357,legacy,Adobe After Effects | Photoshop | Tutorials,,,src/content/articles/2023/smartobjecterror.md,
protect,keep_indexed_verify_quality,public,tutorial,2023,2023-10-05T06:30:22,Fix: Line Boil Turbulent Displace Stopping,fixlineboil,https://mikemurphy.ai/tutorials/fixlineboil/,319,1,453,legacy,Adobe After Effects | Tutorials,,,src/content/articles/2023/fixlineboil.md,
protect,keep_indexed_verify_quality,public,tutorial,2023,2023-10-03T06:30:59,Fix: Hand-Drawn Effect Stopping At 22 Seconds (After Effects),handdrawnfix,https://mikemurphy.ai/tutorials/handdrawnfix/,341,1,490,legacy,Adobe After Effects | Tutorials,,,src/content/articles/2023/handdrawnfix.md,
protect,keep_indexed_verify_quality,public,tutorial,2023,2023-09-28T05:16:31,Fix Color Mismatch in Photoshop + After Effects,colormismatch,https://mikemurphy.ai/tutorials/colormismatch/,270,1,361,legacy,Adobe After Effects | Tutorials,,,src/content/articles/2023/colormismatch.md,
protect,keep_indexed_verify_quality,public,tutorial,2023,2023-09-12T06:30:17,How To Use Paint Bucket Effect in After Effects,paintbucket,https://mikemurphy.ai/tutorials/paintbucket/,241,1,337,legacy,Adobe After Effects | Tutorials,,,src/content/articles/2023/paintbucket.md,
protect,keep_indexed_verify_quality,public,tutorial,2023,2023-09-07T07:02:06,CC RepeTile For Backgrounds in After Effects,ccrepetilebg,https://mikemurphy.ai/tutorials/ccrepetilebg/,370,1,440,legacy,Adobe After Effects | Tutorials,,,src/content/articles/2023/ccrepetilebg.md,
protect,keep_indexed_verify_quality,public,tutorial,2023,2023-09-05T06:35:17,Responsive Design-Time (Protected Regions) in After Effects,responsivedesign,https://mikemurphy.ai/tutorials/responsivedesign/,260,1,354,legacy,Adobe After Effects | Tutorials,,,src/content/articles/2023/responsivedesign.md,
protect,keep_indexed_verify_quality,public,tutorial,2023,2023-08-31T06:30:27,Increment & Save Version Numbers in After Effects,incrementandsave,https://mikemurphy.ai/tutorials/incrementandsave/,248,1,351,legacy,Adobe After Effects | Tutorials,,,src/content/articles/2023/incrementandsave.md,
protect,keep_indexed_verify_quality,public,tutorial,2023,2023-08-29T05:55:52,How To Use Tritone Effect in Adobe After Effects,tritone,https://mikemurphy.ai/tutorials/tritone/,214,1,339,legacy,Adobe After Effects | Tutorials,,,src/content/articles/2023/tritone.md,
protect,keep_indexed_verify_quality,public,tutorial,2023,2023-08-24T06:11:02,How To Edit Photoshop Text in After Effects,converteditabletext,https://mikemurphy.ai/tutorials/converteditabletext/,302,1,390,legacy,Adobe After Effects | Photoshop | Tutorials,,,src/content/articles/2023/converteditabletext.md,
protect,keep_indexed_verify_quality,public,tutorial,2023,2023-08-22T06:30:13,Textures Using Fractal Noise + Emboss in After Effects,fractalemboss,https://mikemurphy.ai/tutorials/fractalemboss/,276,1,358,legacy,Adobe After Effects | Tutorials,,,src/content/articles/2023/fractalemboss.md,
protect,keep_indexed_verify_quality,public,tutorial,2023,2023-08-17T06:30:18,CC Cylinder Effect in After Effects,cccylinder,https://mikemurphy.ai/tutorials/cccylinder/,367,1,439,legacy,Adobe After Effects | Tutorials,,,src/content/articles/2023/cccylinder.md,
protect,keep_indexed_verify_quality,public,tutorial,2023,2023-08-15T06:37:29,How To Save Comps As Photoshop Layers in After Effects,saveasphotoshoplayers,https://mikemurphy.ai/tutorials/saveasphotoshoplayers/,256,1,351,legacy,Adobe After Effects | Tutorials,,,src/content/articles/2023/saveasphotoshoplayers.md,
protect,keep_indexed_verify_quality,public,tutorial,2023,2023-08-10T06:17:33,How To Use CC Sphere in After Effects (Spinning Globe),ccsphere,https://mikemurphy.ai/tutorials/ccsphere/,359,1,429,legacy,Adobe After Effects | Tutorials,,,src/content/articles/2023/ccsphere.md,
protect,keep_indexed_verify_quality,public,tutorial,2023,2023-08-08T06:11:29,How To Change Highlight Color in After Effects,highlightcolor,https://mikemurphy.ai/tutorials/highlightcolor/,341,1,429,legacy,Adobe After Effects | Tutorials,,,src/content/articles/2023/highlightcolor.md,
protect,keep_indexed_verify_quality,public,tutorial,2023,2023-08-03T07:00:07,How To Add New Comp Viewers in After Effects,newviewer,https://mikemurphy.ai/tutorials/newviewer/,248,1,358,legacy,Adobe After Effects | Tutorials,,,src/content/articles/2023/newviewer.md,
protect,keep_indexed_verify_quality,public,tutorial,2023,2023-08-01T07:08:42,How To Animate Textures Using Motion Tile in After Effects,motiontile,https://mikemurphy.ai/tutorials/motiontile/,317,1,433,legacy,Adobe After Effects | Tutorials,,,src/content/articles/2023/motiontile.md,
protect,keep_indexed_verify_quality,public,tutorial,2023,2023-07-27T06:30:55,Offset Effect: Vertical Filmstrip Transition in After Effects,offsetfx,https://mikemurphy.ai/tutorials/offsetfx/,246,1,348,legacy,Adobe After Effects | Tutorials,,,src/content/articles/2023/offsetfx.md,
protect,keep_indexed_verify_quality,public,tutorial,2023,2023-07-25T06:45:41,How To Use Wigglerama Effect in After Effects,wigglerama,https://mikemurphy.ai/tutorials/wigglerama/,208,1,292,legacy,Adobe After Effects | Tutorials,,,src/content/articles/2023/wigglerama.md,
protect,keep_indexed_verify_quality,public,tutorial,2023,2023-07-20T05:42:48,How To Use Wiggler in After Effects,wiggler,https://mikemurphy.ai/tutorials/wiggler/,288,1,367,legacy,Adobe After Effects | Tutorials,,,src/content/articles/2023/wiggler.md,
protect,keep_indexed_verify_quality,public,tutorial,2023,2023-07-13T07:09:46,Pen Tool Tips: Tracing Text in After Effects,pentool,https://mikemurphy.ai/tutorials/pentool/,339,1,419,legacy,Adobe After Effects | Tutorials,,,src/content/articles/2023/pentool.md,
protect,keep_indexed_verify_quality,public,tutorial,2023,2023-07-11T06:49:37,How To Scan Images Into Photoshop,scantophotoshop,https://mikemurphy.ai/tutorials/scantophotoshop/,269,1,347,legacy,Adobe After Effects | Tutorials,,,src/content/articles/2023/scantophotoshop.md,
protect,keep_indexed_verify_quality,public,tutorial,2023,2023-07-06T06:44:15,Text Animator: Position  (After Effects),text-animator-position-after-effects,https://mikemurphy.ai/tutorials/text-animator-position-after-effects/,290,1,362,legacy,Adobe After Effects | Tutorials,,,src/content/articles/2023/text-animator-position-after-effects.md,
protect,keep_indexed_verify_quality,public,tutorial,2023,2023-07-04T05:29:32,Text Animator: Fill Color RGB  (After Effects),fillcolorrgb,https://mikemurphy.ai/tutorials/fillcolorrgb/,353,1,419,legacy,Adobe After Effects | Tutorials,,,src/content/articles/2023/fillcolorrgb.md,
protect,keep_indexed_verify_quality,public,tutorial,2023,2023-06-29T07:02:49,Text Fill & Stroke (Properties Panel) in After Effects,text,https://mikemurphy.ai/tutorials/text/,250,1,346,legacy,Adobe After Effects | Tutorials,,,src/content/articles/2023/text.md,
protect,keep_indexed_verify_quality,public,tutorial,2023,2023-06-27T07:32:05,Time Stretch To Change Speed in After Effects,timestretch,https://mikemurphy.ai/tutorials/timestretch/,257,1,357,legacy,Adobe After Effects | Tutorials,,,src/content/articles/2023/timestretch.md,
protect,keep_indexed_verify_quality,public,tutorial,2023,2023-06-20T06:30:28,How To Use CC Composite in After Effects,cccomposite,https://mikemurphy.ai/tutorials/cccomposite/,209,1,313,legacy,Adobe After Effects | Tutorials,,,src/content/articles/2023/cccomposite.md,
protect,keep_indexed_verify_quality,public,tutorial,2023,2023-06-16T05:34:46,Mask Mode Keyboard Shortcuts in After Effects,maskmodes,https://mikemurphy.ai/tutorials/maskmodes/,265,1,343,legacy,Adobe After Effects | Tutorials,,,src/content/articles/2023/maskmodes.md,
protect,keep_indexed_verify_quality,public,tutorial,2023,2023-06-06T04:59:46,After Effects: Move Position Animation Layers,moveanimations,https://mikemurphy.ai/tutorials/moveanimations/,368,1,448,legacy,Adobe After Effects | Tutorials,,,src/content/articles/2023/moveanimations.md,
protect,keep_indexed_verify_quality,public,tutorial,2023,2023-05-30T05:59:48,Copy Expressions Only in After Effects,copyexpressions,https://mikemurphy.ai/tutorials/copyexpressions/,252,1,339,legacy,Adobe After Effects | Tutorials,,,src/content/articles/2023/copyexpressions.md,
protect,keep_indexed_verify_quality,public,tutorial,2023,2023-05-18T06:30:02,How To Use The Properties Panel in After Effects,propertiespanel,https://mikemurphy.ai/tutorials/propertiespanel/,400,1,483,legacy,Adobe After Effects | Tutorials,,,src/content/articles/2023/propertiespanel.md,
protect,keep_indexed_verify_quality,public,tutorial,2023,2023-05-16T06:35:16,After Effects: How To Use Effect Manager,effectmanager,https://mikemurphy.ai/tutorials/effectmanager/,268,1,379,legacy,Adobe After Effects | Tutorials,,,src/content/articles/2023/effectmanager.md,
protect,keep_indexed_verify_quality,public,tutorial,2023,2023-05-11T06:44:09,After Effects: How To Swap Out Layer Footage,swapfootage,https://mikemurphy.ai/tutorials/swapfootage/,273,1,366,legacy,Adobe After Effects | Tutorials,,,src/content/articles/2023/swapfootage.md,
protect,keep_indexed_verify_quality,public,tutorial,2023,2023-05-09T06:30:45,After Effects: Transform Effect,transformeffect,https://mikemurphy.ai/tutorials/transformeffect/,254,1,342,legacy,Adobe After Effects | Tutorials,,,src/content/articles/2023/transformeffect.md,
protect,keep_indexed_verify_quality,public,tutorial,2023,2023-05-04T06:30:38,How To Use Angle Control in After Effects,anglecontrol,https://mikemurphy.ai/tutorials/anglecontrol/,299,1,392,legacy,Adobe After Effects | Tutorials,,,src/content/articles/2023/anglecontrol.md,
protect,keep_indexed_verify_quality,public,tutorial,2023,2023-05-02T07:13:57,How To Create Freeze Frames in After Effects,freezeframe,https://mikemurphy.ai/tutorials/freezeframe/,224,1,328,legacy,Adobe After Effects | Tutorials,,,src/content/articles/2023/freezeframe.md,
protect,keep_indexed_verify_quality,public,tutorial,2023,2023-04-27T06:11:33,How To Use Non-Rendering Guide Layers in Adobe After Effects,guidelayer,https://mikemurphy.ai/tutorials/guidelayer/,224,1,353,legacy,Adobe After Effects | Tutorials,,,src/content/articles/2023/guidelayer.md,
protect,keep_indexed_verify_quality,public,tutorial,2023,2023-04-25T06:30:40,After Effects: How To Use System Color Picker,systemcolorpicker,https://mikemurphy.ai/tutorials/systemcolorpicker/,226,1,331,legacy,Adobe After Effects | Tutorials,,,src/content/articles/2023/systemcolorpicker.md,
protect,keep_indexed_verify_quality,public,tutorial,2023,2023-04-20T05:00:07,After Effects: Alpha From Lightness (Unmult Effect),unmult,https://mikemurphy.ai/tutorials/unmult/,240,1,337,legacy,Adobe After Effects | Tutorials,,,src/content/articles/2023/unmult.md,
protect,keep_indexed_verify_quality,public,tutorial,2023,2023-04-06T05:04:59,Separate Position Dimensions in After Effects,separatepositions,https://mikemurphy.ai/tutorials/separatepositions/,347,1,428,legacy,Adobe After Effects | Tutorials,,,src/content/articles/2023/separatepositions.md,
protect,keep_indexed_verify_quality,public,tutorial,2023,2023-04-04T06:30:37,After Effects: Color Expression Controls,colorcontrols,https://mikemurphy.ai/tutorials/colorcontrols/,304,1,376,legacy,Adobe After Effects | Tutorials,,,src/content/articles/2023/colorcontrols.md,
protect,keep_indexed_verify_quality,public,tutorial,2023,2023-03-30T06:30:37,After Effects: Lock The Effect Controls Panel,lockeffects,https://mikemurphy.ai/tutorials/lockeffects/,203,1,312,legacy,Adobe After Effects | Tutorials,,,src/content/articles/2023/lockeffects.md,
protect,keep_indexed_verify_quality,public,tutorial,2023,2023-03-14T06:21:27,Adobe Audition: Randomize Multi-Track Colors,randomizecolors,https://mikemurphy.ai/tutorials/randomizecolors/,226,1,339,legacy,Adobe After Effects | Tutorials,,,src/content/articles/2023/randomizecolors.md,
protect,keep_indexed_verify_quality,public,tutorial,2023,2023-03-09T05:10:05,Create Twist Animation in Adobe After Effects,twist,https://mikemurphy.ai/tutorials/twist/,402,1,478,legacy,Adobe After Effects | Tutorials,,,src/content/articles/2023/twist.md,
protect,keep_indexed_verify_quality,public,tutorial,2023,2023-03-07T06:01:32,Auto-Trace + Scribble in After Effects,autotrace,https://mikemurphy.ai/tutorials/autotrace/,341,1,416,legacy,Adobe After Effects | Tutorials,,,src/content/articles/2023/autotrace.md,
protect,keep_indexed_verify_quality,public,article,2023,2023-03-04T13:28:01,Behind the Scenes: The Making of a Domestika Course,domestikabts,https://mikemurphy.ai/articles/domestikabts/,1606,1,1794,legacy,Audition | Blog | Courses,,Courses And Training,src/content/articles/2023/domestikabts.md,
protect,keep_indexed_verify_quality,public,tutorial,2023,2023-02-23T05:56:07,After Effects: How To Add 3D Extrusion Depth,extrusion,https://mikemurphy.ai/tutorials/extrusion/,350,1,441,legacy,Adobe After Effects | Tutorials,,,src/content/articles/2023/extrusion.md,
protect,keep_indexed_verify_quality,public,tutorial,2023,2023-02-16T06:34:31,After Effects: Create Nulls From Paths (Trace Paths),tracepaths,https://mikemurphy.ai/tutorials/tracepaths/,247,1,341,legacy,Adobe After Effects | Tutorials,,,src/content/articles/2023/tracepaths.md,
protect,keep_indexed_verify_quality,public,tutorial,2023,2023-02-14T07:31:17,🍩 How To Merge Paths To Make A Donut in After Effects,mergepaths,https://mikemurphy.ai/tutorials/mergepaths/,441,1,523,legacy,Adobe After Effects | Tutorials,,,src/content/articles/2023/mergepaths.md,
protect,keep_indexed_verify_quality,public,tutorial,2023,2023-02-09T06:30:57,How To Animate Source Text in After Effects,sourcetext,https://mikemurphy.ai/tutorials/sourcetext/,397,1,496,legacy,Adobe After Effects | Tutorials,,,src/content/articles/2023/sourcetext.md,
protect,keep_indexed_verify_quality,public,tutorial,2023,2023-02-07T05:48:06,After Effects: Time Remapping + LoopOut Expression,timeremapping,https://mikemurphy.ai/tutorials/timeremapping/,379,1,470,legacy,Adobe After Effects | Tutorials,,,src/content/articles/2023/timeremapping.md,
protect,keep_indexed_verify_quality,public,tutorial,2023,2023-02-02T06:42:20,After Effects: How To Use The Type Tool,typetool,https://mikemurphy.ai/tutorials/typetool/,368,1,444,legacy,Adobe After Effects | Tutorials,,,src/content/articles/2023/typetool.md,
protect,keep_indexed_verify_quality,public,tutorial,2023,2023-01-26T06:46:07,After Effects: Date & Time (Numbers Effect),numberseffect,https://mikemurphy.ai/tutorials/numberseffect/,373,1,455,legacy,Adobe After Effects | Tutorials,,,src/content/articles/2023/numberseffect.md,
protect,keep_indexed_verify_quality,public,tutorial,2023,2023-01-24T06:08:55,After Effects: Text Around Circle,textaroundcircle,https://mikemurphy.ai/tutorials/textaroundcircle/,373,1,432,legacy,Adobe After Effects | Tutorials,,,src/content/articles/2023/textaroundcircle.md,
protect,keep_indexed_verify_quality,public,tutorial,2023,2023-01-19T06:40:20,After Effects: Hand-Drawn Effect,handdrawn,https://mikemurphy.ai/tutorials/handdrawn/,175,1,281,legacy,Adobe After Effects | Tutorials,,,src/content/articles/2023/handdrawn.md,
protect,keep_indexed_verify_quality,public,tutorial,2023,2023-01-12T06:56:21,After Effects: Export Transparency Using Render Queue,renderqueue,https://mikemurphy.ai/tutorials/renderqueue/,481,1,550,legacy,Adobe After Effects | Tutorials,,,src/content/articles/2023/renderqueue.md,
protect,keep_indexed_verify_quality,public,tutorial,2023,2023-01-05T05:19:50,After Effects: How To Use RotoBrush 2 Tool,rotobrush,https://mikemurphy.ai/tutorials/rotobrush/,579,1,658,legacy,Adobe After Effects | Tutorials,,,src/content/articles/2023/rotobrush.md,
protect,keep_indexed_verify_quality,public,tutorial,2022,2022-12-29T06:29:35,After Effects: How To Use Cartoon Effect,cartoon,https://mikemurphy.ai/tutorials/cartoon/,363,1,431,legacy,Adobe After Effects | Tutorials,,,src/content/articles/2022/cartoon.md,
protect,keep_indexed_verify_quality,public,tutorial,2022,2022-12-27T06:08:42,After Effects: How To Use Content-Aware Fill,contentawarefill,https://mikemurphy.ai/tutorials/contentawarefill/,417,1,498,legacy,Adobe After Effects | Tutorials,,,src/content/articles/2022/contentawarefill.md,
protect,keep_indexed_verify_quality,public,tutorial,2022,2022-12-15T07:10:56,After Effects: Grid Effect (How To Use),grideffect,https://mikemurphy.ai/tutorials/grideffect/,504,1,567,legacy,Adobe After Effects | Tutorials,,,src/content/articles/2022/grideffect.md,
protect,keep_indexed_verify_quality,public,tutorial,2022,2022-12-13T05:18:51,After Effects: Puppet Position Pin Tool,puppettool,https://mikemurphy.ai/tutorials/puppettool/,363,1,451,legacy,Adobe After Effects | Tutorials,,,src/content/articles/2022/puppettool.md,
protect,keep_indexed_verify_quality,public,tutorial,2022,2022-12-08T05:40:07,After Effects: Highlighter Animation (Stroke Effect),highlighter,https://mikemurphy.ai/tutorials/highlighter/,480,1,541,legacy,Adobe After Effects | Tutorials,,,src/content/articles/2022/highlighter.md,
protect,keep_indexed_verify_quality,public,tutorial,2022,2022-12-06T06:09:42,After Effects: Navigate Keyframes on Selected Layers & Properties,keyframenavigation,https://mikemurphy.ai/tutorials/keyframenavigation/,288,1,404,legacy,Adobe After Effects | Tutorials,,,src/content/articles/2022/keyframenavigation.md,
protect,keep_indexed_verify_quality,public,tutorial,2022,2022-11-17T05:42:07,After Effects 2023: How To Use Track Mattes,trackmattes,https://mikemurphy.ai/tutorials/trackmattes/,253,1,361,legacy,Adobe After Effects | Tutorials,,,src/content/articles/2022/trackmattes.md,
protect,keep_indexed_verify_quality,public,tutorial,2022,2022-11-15T05:43:40,After Effects 2023: Sunburst Animation Effect,sunburst,https://mikemurphy.ai/tutorials/sunburst/,318,1,402,legacy,Adobe After Effects | Tutorials,,,src/content/articles/2022/sunburst.md,
protect,keep_indexed_verify_quality,public,tutorial,2022,2022-11-03T07:00:40,After Effects CC 2023: Burst Pop Effect,burstpops,https://mikemurphy.ai/tutorials/burstpops/,268,1,369,legacy,Adobe After Effects | Tutorials,,,src/content/articles/2022/burstpops.md,
protect,keep_indexed_verify_quality,public,tutorial,2022,2022-11-01T07:00:38,After Effects 2023: Blinking Cursor Typewriter Console Effect,blinkingcursor,https://mikemurphy.ai/tutorials/blinkingcursor/,315,1,409,legacy,Adobe After Effects | Tutorials,,,src/content/articles/2022/blinkingcursor.md,
protect,keep_indexed_verify_quality,public,tutorial,2022,2022-10-27T04:30:08,After Effects 2023: How To Add Composition Borders,compborders,https://mikemurphy.ai/tutorials/compborders/,287,1,389,legacy,Adobe After Effects | Tutorials,,,src/content/articles/2022/compborders.md,
protect,keep_indexed_verify_quality,public,tutorial,2022,2022-10-25T05:43:20,After Effects: How To Restore Missing Animation User Presets Folder,userpresets,https://mikemurphy.ai/tutorials/userpresets/,341,1,433,legacy,Adobe After Effects | Tutorials,,,src/content/articles/2022/userpresets.md,
protect,keep_indexed_verify_quality,public,tutorial,2022,2022-10-20T06:04:02,After Effects CC 2023: Composition Presets (New!),comppresets2023,https://mikemurphy.ai/tutorials/comppresets2023/,291,1,385,legacy,Adobe After Effects | Tutorials,,,src/content/articles/2022/comppresets2023.md,
protect,keep_indexed_verify_quality,public,tutorial,2022,2022-10-18T05:35:00,After Effects: How To Create A Countdown Timer,countdowntimer,https://mikemurphy.ai/tutorials/countdowntimer/,492,1,563,legacy,Adobe After Effects | Tutorials,,,src/content/articles/2022/countdowntimer.md,
protect,keep_indexed_verify_quality,public,tutorial,2022,2022-09-22T06:48:46,After Effects: How To Use the Mini Composition Flowchart,miniflowchart,https://mikemurphy.ai/tutorials/miniflowchart/,265,1,380,legacy,Adobe After Effects | Tutorials,,,src/content/articles/2022/miniflowchart.md,
protect,keep_indexed_verify_quality,public,tutorial,2022,2022-09-08T07:00:17,After Effects: How To Skew or Slant Text,skew,https://mikemurphy.ai/tutorials/skew/,366,1,450,legacy,Adobe After Effects | Tutorials,,,src/content/articles/2022/skew.md,
protect,keep_indexed_verify_quality,public,tutorial,2022,2022-09-06T07:02:15,After Effects:  Fake EQ or Audio Spectrum Effect (Text + Wiggly),fakeeq,https://mikemurphy.ai/tutorials/fakeeq/,335,1,435,legacy,Adobe After Effects | Tutorials,,audio spectrum,src/content/articles/2022/fakeeq.md,
protect,keep_indexed_verify_quality,public,tutorial,2022,2022-09-01T07:03:29,After Effects:  Keyframe Color Labels,keyframelabels,https://mikemurphy.ai/tutorials/keyframelabels/,283,1,369,legacy,Adobe After Effects | Tutorials,,,src/content/articles/2022/keyframelabels.md,
protect,keep_indexed_verify_quality,public,tutorial,2022,2022-08-30T06:25:09,After Effects: Fake 3D Text Extrusion Effect,fake3d,https://mikemurphy.ai/tutorials/fake3d/,369,1,440,legacy,Adobe After Effects | Tutorials,,3d,src/content/articles/2022/fake3d.md,
protect,keep_indexed_verify_quality,public,tutorial,2022,2022-08-25T04:54:02,After Effects: How to Use Shift Channels Effect,shiftchannels,https://mikemurphy.ai/tutorials/shiftchannels/,501,1,582,legacy,Adobe After Effects | Tutorials,,,src/content/articles/2022/shiftchannels.md,
protect,keep_indexed_verify_quality,public,tutorial,2022,2022-08-23T04:41:39,After Effects: How To Reset Preferences,resetpreferences,https://mikemurphy.ai/tutorials/resetpreferences/,258,1,356,legacy,Adobe After Effects | Tutorials,,,src/content/articles/2022/resetpreferences.md,
protect,keep_indexed_verify_quality,public,tutorial,2022,2022-08-18T06:00:36,After Effects: Solids Folder,solidsfolder,https://mikemurphy.ai/tutorials/solidsfolder/,449,1,535,legacy,Adobe After Effects | Tutorials,,,src/content/articles/2022/solidsfolder.md,
protect,keep_indexed_verify_quality,public,tutorial,2022,2022-08-16T05:39:29,After Effects: New Project Templates,newprojects,https://mikemurphy.ai/tutorials/newprojects/,390,1,472,legacy,Adobe After Effects | Tutorials,,,src/content/articles/2022/newprojects.md,
protect,keep_indexed_verify_quality,public,tutorial,2022,2022-08-11T07:04:14,After Effects CC 2022: How To Use Essential Properties,essentialproperties,https://mikemurphy.ai/tutorials/essentialproperties/,453,1,548,legacy,Adobe After Effects | Tutorials,,,src/content/articles/2022/essentialproperties.md,
protect,keep_indexed_verify_quality,public,tutorial,2022,2022-08-09T06:16:45,After Effects: How To Add Multiple Strokes,multiplestrokes,https://mikemurphy.ai/tutorials/multiplestrokes/,382,1,455,legacy,Adobe After Effects | Tutorials,,,src/content/articles/2022/multiplestrokes.md,
protect,keep_indexed_verify_quality,public,tutorial,2022,2022-08-05T06:27:05,After Effects: How To Generate Project Reports,generatereports,https://mikemurphy.ai/tutorials/generatereports/,307,1,412,legacy,Adobe After Effects | Tutorials,,,src/content/articles/2022/generatereports.md,
protect,keep_indexed_verify_quality,public,tutorial,2022,2022-08-04T07:00:07,After Effects: How To Collect Files,collectfiles,https://mikemurphy.ai/tutorials/collectfiles/,279,1,381,legacy,Adobe After Effects | Tutorials,,,src/content/articles/2022/collectfiles.md,
protect,keep_indexed_verify_quality,public,tutorial,2022,2022-08-02T07:18:21,After Effects: How To Remove Unused Footage,removeunused,https://mikemurphy.ai/tutorials/removeunused/,203,1,316,legacy,Adobe After Effects | Tutorials,,,src/content/articles/2022/removeunused.md,
protect,keep_indexed_verify_quality,public,tutorial,2022,2022-07-28T06:01:40,After Effects: How To Place Videos in Shape Layers Using Alpha Mattes,alphamatte,https://mikemurphy.ai/tutorials/alphamatte/,525,1,623,legacy,Adobe After Effects | Tutorials,,,src/content/articles/2022/alphamatte.md,
protect,keep_indexed_verify_quality,public,tutorial,2022,2022-07-26T06:23:20,After Effects: How To Convert Audio To Keyframes (Audio React),audioreact,https://mikemurphy.ai/tutorials/audioreact/,349,1,466,legacy,Adobe After Effects | Tutorials,,,src/content/articles/2022/audioreact.md,
protect,keep_indexed_verify_quality,public,tutorial,2022,2022-07-21T06:33:05,After Effects: How To Use CC Twister Effect,twister,https://mikemurphy.ai/tutorials/twister/,359,1,456,legacy,Adobe After Effects | Tutorials,,,src/content/articles/2022/twister.md,
protect,keep_indexed_verify_quality,public,tutorial,2022,2022-07-14T06:27:04,After Effects: How To Use Texturize Effect​,texturizer,https://mikemurphy.ai/tutorials/texturizer/,329,1,416,legacy,Adobe After Effects | Tutorials,,,src/content/articles/2022/texturizer.md,
protect,keep_indexed_verify_quality,public,tutorial,2022,2022-07-12T06:46:49,After Effects: How To Use the Invert Effect,invert,https://mikemurphy.ai/tutorials/invert/,169,1,285,legacy,Adobe After Effects | Tutorials,,,src/content/articles/2022/invert.md,
protect,keep_indexed_verify_quality,public,tutorial,2022,2022-06-28T06:59:26,After Effects: How To Save Composition Presets,comppresets,https://mikemurphy.ai/tutorials/comppresets/,225,1,326,legacy,Adobe After Effects | Tutorials,,composition,src/content/articles/2022/comppresets.md,
protect,keep_indexed_verify_quality,public,tutorial,2022,2022-06-23T07:48:34,After Effects: How To Reveal Comps & Layers in Project Bin,revealcomps,https://mikemurphy.ai/tutorials/revealcomps/,181,1,293,legacy,Adobe After Effects | Tutorials,,,src/content/articles/2022/revealcomps.md,
protect,keep_indexed_verify_quality,public,tutorial,2022,2022-06-21T07:24:07,After Effects: How To Add In & Out Points,inoutpoints,https://mikemurphy.ai/tutorials/inoutpoints/,287,1,401,legacy,Adobe After Effects | Tutorials,,,src/content/articles/2022/inoutpoints.md,
protect,keep_indexed_verify_quality,public,tutorial,2022,2022-06-16T07:45:06,"After Effects: How To Save Frame As (PSD, JPEG, PNG)",saveframeas,https://mikemurphy.ai/tutorials/saveframeas/,248,1,353,legacy,Adobe After Effects | Tutorials,,motion graphics,src/content/articles/2022/saveframeas.md,
protect,keep_indexed_verify_quality,public,tutorial,2022,2022-06-09T07:22:17,After Effects: How To Create Shapes From Text,texttoshapes,https://mikemurphy.ai/tutorials/texttoshapes/,208,1,315,legacy,Adobe After Effects | Tutorials,,shapes,src/content/articles/2022/texttoshapes.md,
protect,keep_indexed_verify_quality,public,tutorial,2022,2022-05-19T09:44:36,After Effects: How To Use Composition Flowchart,flowchart,https://mikemurphy.ai/tutorials/flowchart/,188,1,296,legacy,Adobe After Effects | Tutorials,,flowchart,src/content/articles/2022/flowchart.md,
protect,keep_indexed_verify_quality,public,tutorial,2022,2022-05-17T07:55:54,After Effects: Show & Hide Audio Levels  & Waveforms (Keyboard Shortcuts),audiolevelsproperty,https://mikemurphy.ai/tutorials/audiolevelsproperty/,345,1,454,legacy,Adobe After Effects | Tutorials,,audio levels,src/content/articles/2022/audiolevelsproperty.md,
protect,keep_indexed_verify_quality,public,tutorial,2022,2022-05-12T07:29:35,After Effects: How To Add Slider Controls for Wiggle Expression,slidercontrols,https://mikemurphy.ai/tutorials/slidercontrols/,345,1,438,legacy,Adobe After Effects | Tutorials,,,src/content/articles/2022/slidercontrols.md,
protect,keep_indexed_verify_quality,public,tutorial,2022,2022-05-10T07:53:02,After Effects: How To Create Line Boil Text Effect,lineboil,https://mikemurphy.ai/tutorials/lineboil/,297,1,393,legacy,Adobe After Effects | Tutorials,,,src/content/articles/2022/lineboil.md,
protect,keep_indexed_verify_quality,public,tutorial,2022,2022-04-28T07:00:01,After Effects: How To Use Venetian Blinds Effect,venetianblinds,https://mikemurphy.ai/tutorials/venetianblinds/,245,1,351,legacy,Adobe After Effects | Tutorials,,adobe | after effects,src/content/articles/2022/venetianblinds.md,
protect,keep_indexed_verify_quality,public,tutorial,2022,2022-04-26T07:00:24,After Effects: How To Doodle on Videos Using Brush Tool,doodle,https://mikemurphy.ai/tutorials/doodle/,232,1,351,legacy,Adobe After Effects | Tutorials,,how-to | motion graphics,src/content/articles/2022/doodle.md,
protect,keep_indexed_verify_quality,public,tutorial,2022,2022-04-14T06:00:43,After Effects: How To Use Interpret Footage,interpretfootage,https://mikemurphy.ai/tutorials/interpretfootage/,211,1,334,legacy,Adobe After Effects | Tutorials,,,src/content/articles/2022/interpretfootage.md,
protect,keep_indexed_verify_quality,public,tutorial,2022,2022-04-12T06:00:59,After Effects: How To Use Compositing Options for Effects,compositingoptions,https://mikemurphy.ai/tutorials/compositingoptions/,217,1,330,legacy,Adobe After Effects | Tutorials,,,src/content/articles/2022/compositingoptions.md,
protect,keep_indexed_verify_quality,public,tutorial,2022,2022-03-31T07:00:47,After Effects: How To Create Looping Texture Animations,loopingtexturesae,https://mikemurphy.ai/tutorials/loopingtexturesae/,454,1,539,legacy,Adobe After Effects | Tutorials,,,src/content/articles/2022/loopingtexturesae.md,
protect,keep_indexed_verify_quality,public,tutorial,2022,2022-03-29T07:00:17,After Effects: How To Add Mood Lighting (Amorphous Effect),moodlighting,https://mikemurphy.ai/tutorials/moodlighting/,249,1,357,legacy,Adobe After Effects | Tutorials,,,src/content/articles/2022/moodlighting.md,
protect,keep_indexed_verify_quality,public,tutorial,2022,2022-03-24T06:00:12,After Effects: How To Measure Duration Between Two Keyframes,measure,https://mikemurphy.ai/tutorials/measure/,221,1,567,legacy,Adobe After Effects | Tutorials,,,src/content/articles/2022/measure.md,
protect,keep_indexed_verify_quality,public,tutorial,2022,2022-03-22T06:00:34,After Effects: How To Create Paper Cut-Out Look,cutout,https://mikemurphy.ai/tutorials/cutout/,456,1,557,legacy,Adobe After Effects | Tutorials,,,src/content/articles/2022/cutout.md,
protect,keep_indexed_verify_quality,public,tutorial,2020,2020-08-01T03:26:42,After Effects: Anchor Point 101,anchorpoint101,https://mikemurphy.ai/tutorials/anchorpoint101/,453,0,475,legacy,Adobe After Effects | Blog | Tutorials,,adobe | after effects | how-to | Tips And Tricks | tutorial,src/content/articles/2020/anchorpoint101.md,
protect,keep_indexed_verify_quality,public,article,2020,2020-07-03T09:19:42,Easy Corn on the Cob 🌽,cornonthecob,https://mikemurphy.ai/articles/cornonthecob/,152,1,237,legacy,Blog | Misc,,Content Marketing | Food | How | Tips And Tricks | tutorial,src/content/articles/2020/cornonthecob.md,
protect,keep_indexed_verify_quality,public,tutorial,2020,2020-03-19T07:00:41,After Effects CC: How To Center & Move Anchor Point,anchorpoint,https://mikemurphy.ai/tutorials/anchorpoint/,394,1,487,legacy,Adobe After Effects | Tutorials,,,src/content/articles/2020/anchorpoint.md,
